code,source,window_months,n_with_code,prev_initiators,prev_non_initiators,odds_ratio,fisher_p,mw_p,fisher_p_adj,description,category
Disopyramide Phosphate,rx,3,495,0.9304347826086956,0.5932721712538226,9.169458762886597,2.191959000276181e-14,4.405080790862477e-12,2.0670173372604387e-11,Disopyramide Phosphate,medication
Disopyramide Phosphate,rx,6,552,0.9304347826086956,0.6804281345565749,6.281741573033708,2.1011236795978506e-09,5.004998291454771e-07,1.9813596298607733e-06,Disopyramide Phosphate,medication
Disopyramide Phosphate,rx,12,616,0.9391304347826087,0.7767584097859327,4.434195725534308,1.296163140201611e-05,0.02603053414237191,0.012222818412101192,Disopyramide Phosphate,medication
Metoprolol Succinate,rx,3,82,0.008695652173913044,0.12385321100917432,0.06205328135152696,2.3509772417995767e-05,0.00023234029925893557,0.022169715390170007,Metoprolol Succinate,medication
I421,dx,3,678,0.9826086956521739,0.863914373088685,8.9,5.7275980321964213e-05,0.0018385997705923356,0.054011249443612255,Obstructive Hypertrophic Cardiomyopathy,diagnosis
Metoprolol Succinate,rx,6,105,0.043478260869565216,0.1529051987767584,0.25181818181818183,0.0009998419654485805,0.001202320215524391,0.9428509734180114,Metoprolol Succinate,medication
I421,dx,6,718,0.991304347826087,0.9235474006116208,9.437086092715232,0.0036734961316580673,0.3506381316321522,1.0,Obstructive Hypertrophic Cardiomyopathy,diagnosis
Glipizide,rx,12,32,0.09565217391304348,0.03211009174311927,3.1881868131868134,0.004205265499970923,0.00179609088883681,1.0,Glipizide,medication
Verapamil Hydrochloride,rx,12,374,0.6086956521739131,0.4648318042813456,1.79093567251462,0.004634755764487044,0.025077707245263925,1.0,Verapamil Hydrochloride,medication
85730,px,3,16,0.06086956521739131,0.013761467889908258,4.645061728395062,0.004990433408754792,0.0011106975113807623,1.0,Thromboplastin Time Partial,lab test
83735,px,6,85,0.19130434782608696,0.0963302752293578,2.2191500256016385,0.005455986453966196,0.002957789658125667,1.0,Assay Of Magnesium,lab test
A7035,px,12,61,0.14782608695652175,0.0672782874617737,2.404916512059369,0.007524887056833022,0.0030960622388730382,1.0,Pos Airway Press Headgear,supply/service
97530,px,12,52,0.13043478260869565,0.05657492354740061,2.5013513513513512,0.00753471873584741,0.0035243874429238754,1.0,Therapeutic Activities,procedure
1159F,px,6,38,0.10434782608695652,0.039755351681957186,2.8140403286034354,0.007963305771210417,0.0032313071132419814,1.0,Med List Docd In Rcrd,procedure
1036F,px,6,39,0.10434782608695652,0.04128440366972477,2.705501618122977,0.00930095727175772,0.004616144552605618,1.0,Tobacco Non-User,procedure
83735,px,3,39,0.10434782608695652,0.04128440366972477,2.705501618122977,0.00930095727175772,0.004490566071711665,1.0,Assay Of Magnesium,lab test
83970,px,12,39,0.10434782608695652,0.04128440366972477,2.705501618122977,0.00930095727175772,0.004512066297227285,1.0,Assay Of Parathormone,lab test
A7035,px,6,34,0.09565217391304348,0.035168195718654434,2.9017558528428093,0.01068392478131273,0.003730212482516446,1.0,Pos Airway Press Headgear,supply/service
77063,px,12,78,0.17391304347826086,0.08868501529051988,2.163339382940109,0.010856403560745916,0.005199341183016881,1.0,Breast Tomosynthesis Bi,imaging
81001,px,12,118,0.23478260869565218,0.13914373088685014,1.8982267732267732,0.011472950722024325,0.007356719282351205,1.0,Urinalysis Auto W/Scope,lab test
99215,px,6,107,0.21739130434782608,0.12538226299694188,1.937669376693767,0.012486805663583251,0.007746015698944701,1.0,Office O/P Est Hi 40-54 Min,office visit
82607,px,6,50,0.12173913043478261,0.05504587155963303,2.3795379537953796,0.012637070211499499,0.007268646633756311,1.0,Vitamin B-12,lab test
87086,px,3,23,0.06956521739130435,0.022935779816513763,3.1850467289719626,0.013559150234034652,0.006836316009770058,1.0,Urine Culture/Colony Count,lab test
1036F,px,12,71,0.1565217391304348,0.08103975535168195,2.1042598716203074,0.01414028542537226,0.010985126677874742,1.0,Tobacco Non-User,procedure
82607,px,12,97,0.2,0.11314984709480122,1.9594594594594594,0.014190659415994235,0.009146549321584997,1.0,Vitamin B-12,lab test
A7035,px,3,19,0.06086956521739131,0.01834862385321101,3.4675925925925926,0.014864727468277585,0.006803489256844295,1.0,Pos Airway Press Headgear,supply/service
90471,px,3,19,0.06086956521739131,0.01834862385321101,3.4675925925925926,0.014864727468277585,0.0064000448439708495,1.0,Immunization Admin,procedure
M5136,dx,12,11,0.043478260869565216,0.009174311926605505,4.909090909090909,0.014978768324707894,0.004316427689726748,1.0,"Other Intervertebral Disc Degeneration, Lumbar Region",diagnosis
E6601,dx,12,65,0.14782608695652175,0.07339449541284404,2.190051020408163,0.016417951903965555,0.006293345454146577,1.0,Morbid (Severe) Obesity Due To Excess Calories,diagnosis
97530,px,6,31,0.08695652173913043,0.03211009174311927,2.870748299319728,0.016440906914077652,0.005620235414041971,1.0,Therapeutic Activities,procedure
87086,px,12,88,0.1826086956521739,0.10244648318042814,1.9572880279453795,0.01698027903890109,0.014487617507460127,1.0,Urine Culture/Colony Count,lab test
Q9967,px,12,104,0.20869565217391303,0.12232415902140673,1.8923076923076922,0.017417328434634134,0.012754306897755172,1.0,"Locm 300-399Mg/Ml Iodine,1Ml",supply/service
Q9967,px,3,32,0.08695652173913043,0.03363914373088685,2.735930735930736,0.01839480117726132,0.00799276041454884,1.0,"Locm 300-399Mg/Ml Iodine,1Ml",supply/service
K219,dx,6,93,0.19130434782608696,0.10856269113149847,1.9424504013327275,0.018938209841538836,0.01279481973384546,1.0,Gastro-Esophageal Reflux Disease Without Esophagitis,diagnosis
99239,px,6,38,0.09565217391304348,0.04128440366972477,2.4561965811965814,0.019351700637825094,0.013190594654688931,1.0,Hosp Ip/Obs Dschrg Mgmt >30,office visit
E1390,px,6,16,0.05217391304347826,0.01529051987767584,3.544954128440367,0.02194539355411324,0.010682763466619616,1.0,Oxygen Concentrator,supply/service
Verapamil Hydrochloride,rx,3,177,0.14782608695652175,0.24464831804281345,0.5355867346938775,0.02249964085868538,0.010408947733194276,1.0,Verapamil Hydrochloride,medication
M255,dx,12,49,0.017391304347826087,0.07186544342507645,0.228582187911881,0.022522295487127877,0.029286943730920566,1.0,Pain In Joint,diagnosis
B351,dx,3,27,0.0,0.04128440366972477,0.0,0.023660133816775612,0.02669113761848778,1.0,Tinea Unguium,diagnosis
85730,px,6,43,0.10434782608695652,0.047400611620795105,2.3413717507046665,0.024760528150505307,0.014604745809270327,1.0,Thromboplastin Time Partial,lab test
84443,px,6,90,0.1826086956521739,0.10550458715596331,1.8940795559666974,0.026405240197166488,0.01605239852443868,1.0,Assay Thyroid Stim Hormone,lab test
85610,px,3,21,0.06086956521739131,0.021406727828746176,2.962962962962963,0.026464694502726722,0.016747102672957707,1.0,Prothrombin Time,lab test
81001,px,6,54,0.12173913043478261,0.06116207951070336,2.127722772277228,0.02781199004933062,0.019533142364481865,1.0,Urinalysis Auto W/Scope,lab test
1123F,px,12,29,0.0782608695652174,0.03058103975535168,2.6915094339622643,0.028048130453130878,0.013636790660687044,1.0,Acp Discuss/Dscn Mkr Docd,procedure
85730,px,12,79,0.16521739130434782,0.09174311926605505,1.959375,0.028710246608651447,0.01838580716294636,1.0,Thromboplastin Time Partial,lab test
Glipizide,rx,6,17,0.05217391304347826,0.016819571865443424,3.21768140116764,0.029854842546225405,0.01752275700316249,1.0,Glipizide,medication
G0463,px,12,130,0.24347826086956523,0.1559633027522936,1.7417173766058147,0.029992143945181238,0.014713574845543934,1.0,Hospital Outpt Clinic Visit,supply/service
75561,px,12,55,0.12173913043478261,0.06269113149847094,2.0724462690171457,0.030455845643412208,0.024017538696480482,1.0,Cardiac Mri For Morph W/Dye,imaging
85652,px,6,30,0.0782608695652174,0.03211009174311927,2.559299191374663,0.031735233345767375,0.018832803115209025,1.0,Rbc Sed Rate Automated,lab test
Z87891,dx,6,13,0.043478260869565216,0.012232415902140673,3.6704545454545454,0.03249560171543726,0.016648444620772442,1.0,Personal History Of Nicotine Dependence,diagnosis
17000,px,6,13,0.043478260869565216,0.012232415902140673,3.6704545454545454,0.03249560171543726,0.016648444620772442,1.0,Destruct Premalg Lesion,procedure
G0463,px,6,70,0.14782608695652175,0.08103975535168195,1.9670773969965345,0.03302979935681115,0.022703772141539996,1.0,Hospital Outpt Clinic Visit,supply/service
83970,px,6,22,0.06086956521739131,0.022935779816513763,2.761111111111111,0.03410803927348114,0.024568141032403602,1.0,Assay Of Parathormone,lab test
A0429,px,6,22,0.06086956521739131,0.022935779816513763,2.761111111111111,0.03410803927348114,0.024568141032403602,1.0,Bls-Emergency,supply/service
J2405,px,3,22,0.06086956521739131,0.022935779816513763,2.761111111111111,0.03410803927348114,0.024568141032403602,1.0,Ondansetron Hcl Injection,supply/service
99238,px,12,23,0.0,0.035168195718654434,0.0,0.03627408953460983,0.041378043673662705,1.0,Hosp Ip/Obs Dschrg Mgmt 30/<,office visit
83735,px,12,122,0.22608695652173913,0.14678899082568808,1.6980337078651686,0.0377466899971216,0.03097271691416341,1.0,Assay Of Magnesium,lab test
R531,dx,3,18,0.05217391304347826,0.01834862385321101,2.944954128440367,0.0394357586513648,0.02709079771029372,1.0,Weakness,diagnosis
1123F,px,6,14,0.043478260869565216,0.013761467889908258,3.257575757575758,0.04464191974869535,0.02810781486287512,1.0,Acp Discuss/Dscn Mkr Docd,procedure
84153,px,3,14,0.043478260869565216,0.013761467889908258,3.257575757575758,0.04464191974869535,0.02810781486287512,1.0,Assay Of Psa Total,lab test
74177,px,3,14,0.043478260869565216,0.013761467889908258,3.257575757575758,0.04464191974869535,0.02810781486287512,1.0,Ct Abd & Pelv W/Contrast,imaging
86900,px,12,55,0.02608695652173913,0.07951070336391437,0.31009615384615385,0.04736993524505808,0.04010215614925443,1.0,Blood Typing Serologic Abo,lab test
R918,dx,6,10,0.034782608695652174,0.009174311926605505,3.891891891891892,0.04833561620470755,0.025561173658486553,1.0,Other Nonspecific Abnormal Finding Of Lung Field,diagnosis
Amoxicillin,rx,3,10,0.034782608695652174,0.009174311926605505,3.891891891891892,0.04833561620470755,0.025561173658486553,1.0,Amoxicillin,medication
1125F,px,12,19,0.05217391304347826,0.019877675840978593,2.714184897671136,0.05077623458202049,0.03879880990491161,1.0,Amnt Pain Noted Pain Prsnt,procedure
R918,dx,12,19,0.05217391304347826,0.019877675840978593,2.714184897671136,0.05077623458202049,0.039845997501109925,1.0,Other Nonspecific Abnormal Finding Of Lung Field,diagnosis
R001,dx,12,19,0.05217391304347826,0.019877675840978593,2.714184897671136,0.05077623458202049,0.039845997501109925,1.0,"Bradycardia, Unspecified",diagnosis
Z87891,dx,12,19,0.05217391304347826,0.019877675840978593,2.714184897671136,0.05077623458202049,0.04034191748036457,1.0,Personal History Of Nicotine Dependence,diagnosis
87086,px,6,47,0.10434782608695652,0.053516819571865444,2.0604715672676837,0.0539357817926646,0.03722684162749678,1.0,Urine Culture/Colony Count,lab test
E6601,dx,6,37,0.08695652173913043,0.04128440366972477,2.2116402116402116,0.05404471651002774,0.032729390657103986,1.0,Morbid (Severe) Obesity Due To Excess Calories,diagnosis
82962,px,12,37,0.08695652173913043,0.04128440366972477,2.2116402116402116,0.05404471651002774,0.03498226805745983,1.0,Glucose Blood Test,lab test
J7120,px,12,37,0.08695652173913043,0.04128440366972477,2.2116402116402116,0.05404471651002774,0.03552209248826044,1.0,Ringers Lactate Infusion,supply/service
G2211,px,12,125,0.22608695652173913,0.15137614678899083,1.63772557030984,0.05446612838283864,0.04762778547310893,1.0,Complex E/M Visit Add On,supply/service
K219,dx,12,178,0.30434782608695654,0.21865443425076453,1.5633741258741258,0.05456788564755728,0.05270204312538899,1.0,Gastro-Esophageal Reflux Disease Without Esophagitis,diagnosis
I422,dx,12,377,0.5739130434782609,0.47553516819571867,1.4855305466237942,0.05502986835711871,0.07881075202363434,1.0,Other Hypertrophic Cardiomyopathy,diagnosis
Metoprolol Succinate,rx,12,190,0.17391304347826086,0.2599388379204893,0.5993808049535604,0.06005943798499712,0.020701782002255108,1.0,Metoprolol Succinate,medication
Z0000,dx,6,191,0.3217391304347826,0.23547400611620795,1.54012654012654,0.06055767246814836,0.04738744349360229,1.0,Encntr For General Adult Medical Exam W/O Abnormal Findings,diagnosis
80050,px,6,49,0.10434782608695652,0.05657492354740061,1.942797166098137,0.062135318068317104,0.05493316085425246,1.0,General Health Panel,lab test
82607,px,3,29,0.06956521739130435,0.03211009174311927,2.253671562082777,0.062455485577182945,0.052076827213280906,1.0,Vitamin B-12,lab test
77063,px,6,29,0.06956521739130435,0.03211009174311927,2.253671562082777,0.062455485577182945,0.04996530495372478,1.0,Breast Tomosynthesis Bi,imaging
80048,px,6,115,0.20869565217391303,0.13914373088685014,1.631686994324357,0.06459000216071159,0.03731752269220786,1.0,Metabolic Panel Total Ca,lab test
E785,dx,6,243,0.391304347826087,0.30275229357798167,1.4805194805194806,0.06480806203156204,0.05898101080200649,1.0,"Hyperlipidemia, Unspecified",diagnosis
93018,px,6,23,0.06086956521739131,0.024464831804281346,2.584490740740741,0.06581311752881416,0.03473219853868379,1.0,Cardiovascular Stress Test,procedure
78452,px,6,23,0.06086956521739131,0.024464831804281346,2.584490740740741,0.06581311752881416,0.03473219853868379,1.0,Ht Muscle Image Spect Mult,imaging
96365,px,6,23,0.06086956521739131,0.024464831804281346,2.584490740740741,0.06581311752881416,0.03520206226293502,1.0,Ther/Proph/Diag Iv Inf Init,procedure
F329,dx,6,23,0.06086956521739131,0.024464831804281346,2.584490740740741,0.06581311752881416,0.03473219853868379,1.0,"Major Depressive Disorder, Single Episode, Unspecified",diagnosis
83880,px,12,116,0.20869565217391303,0.14067278287461774,1.6110845676063068,0.06654473534994468,0.05751815966248837,1.0,Assay Of Natriuretic Peptide,lab test
I5030,dx,12,52,0.02608695652173913,0.07492354740061162,0.33072157434402333,0.067354254247994,0.0546442702333597,1.0,Unspecified Diastolic (Congestive) Heart Failure,diagnosis
Mupirocin,rx,6,11,0.034782608695652174,0.010703363914373088,3.3307593307593306,0.06739667213613593,0.0451725878062564,1.0,Mupirocin,medication
Z01810,dx,6,11,0.034782608695652174,0.010703363914373088,3.3307593307593306,0.06739667213613593,0.045651646439910674,1.0,Encounter For Preprocedural Cardiovascular Examination,diagnosis
Z01810,dx,3,11,0.034782608695652174,0.010703363914373088,3.3307593307593306,0.06739667213613593,0.0451725878062564,1.0,Encounter For Preprocedural Cardiovascular Examination,diagnosis
80048,px,3,65,0.13043478260869565,0.0764525993883792,1.812,0.06764921991675427,0.052266547787789344,1.0,Metabolic Panel Total Ca,lab test
3008F,px,12,81,0.1565217391304348,0.0963302752293578,1.7407952871870398,0.06828217581560281,0.04734530635872037,1.0,Body Mass Index Docd,procedure
99205,px,12,82,0.1565217391304348,0.09785932721712538,1.7106958762886597,0.07079216691585537,0.04949551526575116,1.0,Office O/P New Hi 60-74 Min,office visit
86803,px,6,24,0.06086956521739131,0.02599388379204893,2.428649237472767,0.07271373199731217,0.0481366948175895,1.0,Hepatitis C Ab Test,lab test
E559,dx,12,151,0.2608695652173913,0.18501529051987767,1.554691298006806,0.07391817991498095,0.08156535799634777,1.0,"Vitamin D Deficiency, Unspecified",diagnosis
93295,px,3,33,0.0782608695652174,0.03669724770642202,2.2287735849056602,0.0748150510548071,0.04273729305431638,1.0,Dev Interrog Remote 1/2/Mlt,procedure
99215,px,3,55,0.11304347826086956,0.06422018348623854,1.8571428571428572,0.07543776954288439,0.06309475583401217,1.0,Office O/P Est Hi 40-54 Min,office visit
E6601,dx,3,16,0.043478260869565216,0.016819571865443424,2.65702479338843,0.07608916710920832,0.0621600730797953,1.0,Morbid (Severe) Obesity Due To Excess Calories,diagnosis
Apixaban,rx,6,16,0.043478260869565216,0.016819571865443424,2.65702479338843,0.07608916710920832,0.06504576864477966,1.0,Apixaban,medication
Mupirocin,rx,12,16,0.043478260869565216,0.016819571865443424,2.65702479338843,0.07608916710920832,0.06504576864477966,1.0,Mupirocin,medication
M170,dx,3,16,0.043478260869565216,0.016819571865443424,2.65702479338843,0.07608916710920832,0.06504576864477966,1.0,Primary Osteoarthritis Of Knee,diagnosis
83550,px,3,16,0.043478260869565216,0.016819571865443424,2.65702479338843,0.07608916710920832,0.06504576864477966,1.0,Iron Binding Test,lab test
E785,dx,3,129,0.22608695652173913,0.15749235474006115,1.5627795352896259,0.0783867351410773,0.07411689331784692,1.0,"Hyperlipidemia, Unspecified",diagnosis
93321,px,6,34,0.0782608695652174,0.0382262996941896,2.1362264150943395,0.07948692184683306,0.05507495363359972,1.0,Doppler Echo Exam Heart,procedure
83550,px,6,34,0.0782608695652174,0.0382262996941896,2.1362264150943395,0.07948692184683306,0.054342858725022015,1.0,Iron Binding Test,lab test
83880,px,6,72,0.1391304347826087,0.0856269113149847,1.725829725829726,0.08156967881730218,0.06908401327311527,1.0,Assay Of Natriuretic Peptide,lab test
81003,px,3,25,0.06086956521739131,0.027522935779816515,2.2901234567901234,0.08160694681006597,0.06323284425822966,1.0,Urinalysis Auto W/O Scope,lab test
Alprazolam,rx,12,25,0.06086956521739131,0.027522935779816515,2.2901234567901234,0.08160694681006597,0.06323284425822966,1.0,Alprazolam,medication
G0378,px,12,57,0.034782608695652174,0.08103975535168195,0.4086350501444841,0.0845706238591817,0.0803889678476326,1.0,Hospital Observation Per Hr,supply/service
Z0000,dx,3,113,0.2,0.13761467889908258,1.5666666666666667,0.08720935203493659,0.07922490350717373,1.0,Encntr For General Adult Medical Exam W/O Abnormal Findings,diagnosis
93321,px,12,61,0.12173913043478261,0.07186544342507645,1.7901832736465135,0.08948379238862621,0.07035267155677485,1.0,Doppler Echo Exam Heart,procedure
R051,dx,12,12,0.034782608695652174,0.012232415902140673,2.90990990990991,0.08976763768098678,0.07231862177453692,1.0,Acute Cough,diagnosis
I5189,dx,12,12,0.034782608695652174,0.012232415902140673,2.90990990990991,0.08976763768098678,0.07231862177453692,1.0,Other Ill-Defined Heart Diseases,diagnosis
U071,dx,3,12,0.034782608695652174,0.012232415902140673,2.90990990990991,0.08976763768098678,0.07231862177453692,1.0,Covid-19,diagnosis
1125F,px,6,12,0.034782608695652174,0.012232415902140673,2.90990990990991,0.08976763768098678,0.07098522842526342,1.0,Amnt Pain Noted Pain Prsnt,procedure
R42,dx,6,12,0.034782608695652174,0.012232415902140673,2.90990990990991,0.08976763768098678,0.07231862177453692,1.0,Dizziness And Giddiness,diagnosis
Doxycycline Hyclate,rx,6,12,0.034782608695652174,0.012232415902140673,2.90990990990991,0.08976763768098678,0.07231862177453692,1.0,Doxycycline Hyclate,medication
93296,px,12,118,0.20869565217391303,0.1437308868501529,1.5711947626841243,0.09121675079664666,0.06213766703728767,1.0,Rem Interrog Evl Pm/Ids,procedure
Levothyroxine Sodium,rx,12,18,0.0,0.027522935779816515,0.0,0.09170857640559843,0.07214354860361598,1.0,Levothyroxine Sodium,medication
Docusate Sodium,rx,12,18,0.0,0.027522935779816515,0.0,0.09170857640559843,0.07214354860361598,1.0,Docusate Sodium,medication
Q9967,px,6,62,0.12173913043478261,0.07339449541284404,1.75,0.09317308117514844,0.07619372727525567,1.0,"Locm 300-399Mg/Ml Iodine,1Ml",supply/service
G0463,px,3,36,0.0782608695652174,0.04128440366972477,1.971698113207547,0.09341510090849771,0.08374542193394933,1.0,Hospital Outpt Clinic Visit,supply/service
85025,px,12,125,0.21739130434782608,0.1529051987767584,1.538888888888889,0.09924009060055972,0.09825799309706709,1.0,Complete Cbc W/Auto Diff Wbc,lab test
J7120,px,6,20,0.05217391304347826,0.021406727828746176,2.5163826998689385,0.1014106218017399,0.05681864619631993,1.0,Ringers Lactate Infusion,supply/service
97112,px,12,38,0.017391304347826087,0.05504587155963303,0.30383480825958703,0.10220659535730447,0.08586773804811658,1.0,Neuromuscular Reeducation,procedure
78452,px,12,37,0.0782608695652174,0.04281345565749235,1.8982479784366577,0.1025955881949427,0.10176050503104624,1.0,Ht Muscle Image Spect Mult,imaging
99291,px,6,28,0.008695652173913044,0.04128440366972477,0.2037037037037037,0.10486970783052588,0.08553378494903255,1.0,Critical Care First Hour,office visit
92015,px,6,27,0.06086956521739131,0.03058103975535168,2.0546296296296296,0.10512840421879605,0.10510416558633637,1.0,Determine Refractive State,procedure
82947,px,12,29,0.008695652173913044,0.04281345565749235,0.19611528822055138,0.10661010997647091,0.07672669378349868,1.0,Assay Glucose Blood Quant,lab test
99396,px,6,68,0.13043478260869565,0.08103975535168195,1.700943396226415,0.10670739016632602,0.08690906665150673,1.0,Prev Visit Est Age 40-64,office visit
84443,px,12,163,0.26956521739130435,0.2018348623853211,1.4594155844155845,0.1082598620716451,0.09578360240524401,1.0,Assay Thyroid Stim Hormone,lab test
93880,px,12,21,0.05217391304347826,0.022935779816513763,2.3449541284403668,0.11064210140505366,0.07636317481716522,1.0,Extracranial Bilat Study,procedure
Rosuvastatin Calcium,rx,3,13,0.034782608695652174,0.013761467889908258,2.5825825825825826,0.11522187588789773,0.10728340707236521,1.0,Rosuvastatin Calcium,medication
Z20822,dx,12,13,0.034782608695652174,0.013761467889908258,2.5825825825825826,0.11522187588789773,0.10728340707236521,1.0,Contact With And (Suspected) Exposure To Covid-19,diagnosis
93294,px,6,13,0.034782608695652174,0.013761467889908258,2.5825825825825826,0.11522187588789773,0.10728340707236521,1.0,Rem Interrog Evl Pm/Ldls Pm,procedure
I4891,dx,12,175,0.28695652173913044,0.21712538226299694,1.4510477499141188,0.11640583295970865,0.11023970987487886,1.0,Unspecified Atrial Fibrillation,diagnosis
93296,px,3,31,0.06956521739130435,0.035168195718654434,2.0511986997155627,0.1164884605270671,0.08404632292192904,1.0,Rem Interrog Evl Pm/Ids,procedure
99291,px,12,56,0.034782608695652174,0.07951070336391437,0.4171864171864172,0.11720263865412638,0.08863359455287559,1.0,Critical Care First Hour,office visit
3079F,px,6,57,0.11304347826086956,0.0672782874617737,1.766934046345811,0.1193527035127456,0.08674511338230541,1.0,Diast Bp 80-89 Mm Hg,procedure
J1100,px,12,57,0.11304347826086956,0.0672782874617737,1.766934046345811,0.1193527035127456,0.08046086542623025,1.0,Dexamethasone Sodium Phos,supply/service
E1165,dx,12,145,0.24347826086956523,0.17889908256880735,1.4771588564692013,0.12015161091711171,0.10336239995107105,1.0,Type 2 Diabetes Mellitus With Hyperglycemia,diagnosis
99396,px,12,116,0.2,0.14220183486238533,1.5080645161290323,0.12018985194308213,0.10147649712477495,1.0,Prev Visit Est Age 40-64,office visit
Atorvastatin Calcium,rx,12,74,0.1391304347826087,0.08868501529051988,1.660745384883316,0.12044522792468251,0.08472009091551498,1.0,Atorvastatin Calcium,medication
U071,dx,12,22,0.05217391304347826,0.024464831804281346,2.194954128440367,0.12256755419288251,0.10059996200328603,1.0,Covid-19,diagnosis
93296,px,6,58,0.11304347826086956,0.06880733944954129,1.7248366013071896,0.12270307622853747,0.09791037926312642,1.0,Rem Interrog Evl Pm/Ids,procedure
90471,px,12,75,0.1391304347826087,0.09021406727828746,1.6298579010443417,0.12326012667875305,0.09414504906472614,1.0,Immunization Admin,procedure
J7030,px,12,43,0.08695652173913043,0.05045871559633028,1.7922077922077921,0.1237897166905281,0.1106111376306494,1.0,Normal Saline Solution Infus,supply/service
1159F,px,12,76,0.1391304347826087,0.09174311926605505,1.6,0.12701228384463328,0.11555163886574481,1.0,Med List Docd In Rcrd,procedure
I422,dx,3,124,0.20869565217391303,0.1529051987767584,1.461098901098901,0.1327088533497417,0.13375185424990077,1.0,Other Hypertrophic Cardiomyopathy,diagnosis
Zolpidem Tartrate,rx,12,33,0.06956521739130435,0.0382262996941896,1.8811214953271027,0.13432465756440226,0.12263418943137885,1.0,Zolpidem Tartrate,medication
Azithromycin,rx,12,23,0.05217391304347826,0.02599388379204893,2.0626011872638963,0.13700647911657263,0.12895906195630577,1.0,Azithromycin,medication
99205,px,3,23,0.05217391304347826,0.02599388379204893,2.0626011872638963,0.13700647911657263,0.12895906195630577,1.0,Office O/P New Hi 60-74 Min,office visit
93283,px,6,23,0.05217391304347826,0.02599388379204893,2.0626011872638963,0.13700647911657263,0.12895906195630577,1.0,Prgrmg Eval Implantable Dfb,procedure
92134,px,6,23,0.05217391304347826,0.02599388379204893,2.0626011872638963,0.13700647911657263,0.12895906195630577,1.0,Cptr Ophth Dx Img Post Segmt,procedure
R5383,dx,12,23,0.05217391304347826,0.02599388379204893,2.0626011872638963,0.13700647911657263,0.1301370145899541,1.0,Other Fatigue,diagnosis
U071,dx,6,14,0.034782608695652174,0.01529051987767584,2.3207207207207206,0.14345385834357866,0.14988573472151295,1.0,Covid-19,diagnosis
71250,px,6,14,0.034782608695652174,0.01529051987767584,2.3207207207207206,0.14345385834357866,0.14988573472151295,1.0,Ct Thorax Dx C-,imaging
93356,px,3,14,0.034782608695652174,0.01529051987767584,2.3207207207207206,0.14345385834357866,0.14988573472151295,1.0,Myocrd Strain Img Spckl Trck,procedure
Allopurinol,rx,12,15,0.0,0.022935779816513763,0.0,0.14510998100516775,0.10139425484572334,1.0,Allopurinol,medication
11102,px,6,16,0.0,0.024464831804281346,0.0,0.14892223721703474,0.09044796751107544,1.0,Tangntl Bx Skin Single Les,procedure
74177,px,12,50,0.09565217391304348,0.05963302752293578,1.6678994082840237,0.1523884773577891,0.14482736789001596,1.0,Ct Abd & Pelv W/Contrast,imaging
94640,px,12,24,0.05217391304347826,0.027522935779816515,1.944954128440367,0.1537685511776556,0.16141057896261857,1.0,Airway Inhalation Treatment,procedure
I5030,dx,6,25,0.008695652173913044,0.03669724770642202,0.23026315789473684,0.15575225738576445,0.11883302391045189,1.0,Unspecified Diastolic (Congestive) Heart Failure,diagnosis
3079F,px,3,38,0.0782608695652174,0.04434250764525994,1.8298633702016915,0.15661248077471338,0.12342038088006789,1.0,Diast Bp 80-89 Mm Hg,procedure
R531,dx,6,38,0.0782608695652174,0.04434250764525994,1.8298633702016915,0.15661248077471338,0.12749108644625518,1.0,Weakness,diagnosis
R509,dx,12,17,0.043478260869565216,0.01834862385321101,2.4318181818181817,0.1570632946794993,0.09222495940431984,1.0,"Fever, Unspecified",diagnosis
A0428,px,12,17,0.043478260869565216,0.01834862385321101,2.4318181818181817,0.1570632946794993,0.0913597921875073,1.0,Bls,supply/service
93018,px,3,17,0.043478260869565216,0.01834862385321101,2.4318181818181817,0.1570632946794993,0.0913597921875073,1.0,Cardiovascular Stress Test,procedure
97530,px,3,17,0.043478260869565216,0.01834862385321101,2.4318181818181817,0.1570632946794993,0.0913597921875073,1.0,Therapeutic Activities,procedure
92015,px,3,17,0.043478260869565216,0.01834862385321101,2.4318181818181817,0.1570632946794993,0.0913597921875073,1.0,Determine Refractive State,procedure
Cyclobenzaprine Hydrochloride,rx,12,26,0.008695652173913044,0.0382262996941896,0.2207017543859649,0.15773017124696764,0.10636847041601032,1.0,Cyclobenzaprine Hydrochloride,medication
82565,px,12,51,0.034782608695652174,0.07186544342507645,0.4654015717845505,0.15923401440066381,0.1403959102132246,1.0,Assay Of Creatinine,lab test
G2211,px,6,71,0.13043478260869565,0.0856269113149847,1.6017857142857144,0.15990970107561628,0.13318253391828402,1.0,Complex E/M Visit Add On,supply/service
K219,dx,3,54,0.10434782608695652,0.06422018348623854,1.697642163661581,0.16265688787595933,0.12227057017325633,1.0,Gastro-Esophageal Reflux Disease Without Esophagitis,diagnosis
84443,px,3,54,0.10434782608695652,0.06422018348623854,1.697642163661581,0.16265688787595933,0.12227057017325633,1.0,Assay Thyroid Stim Hormone,lab test
90471,px,6,39,0.0782608695652174,0.045871559633027525,1.7660377358490567,0.16385605788747676,0.13656525993488067,1.0,Immunization Admin,procedure
J1100,px,6,39,0.0782608695652174,0.045871559633027525,1.7660377358490567,0.16385605788747676,0.14475678609901982,1.0,Dexamethasone Sodium Phos,supply/service
85025,px,3,39,0.0782608695652174,0.045871559633027525,1.7660377358490567,0.16385605788747676,0.14475678609901982,1.0,Complete Cbc W/Auto Diff Wbc,lab test
G4733,dx,3,73,0.13043478260869565,0.08868501529051988,1.5413793103448277,0.1677272644656754,0.1696962395927195,1.0,Obstructive Sleep Apnea (Adult) (Pediatric),diagnosis
3079F,px,12,96,0.16521739130434782,0.11773700305810397,1.483089826839827,0.16830997228385314,0.16730831941017132,1.0,Diast Bp 80-89 Mm Hg,procedure
Z01419,dx,12,18,0.043478260869565216,0.019877675840978593,2.2412587412587412,0.1691330984412565,0.12417705598036786,1.0,Encntr For Gyn Exam (General) (Routine) W/O Abn Findings,diagnosis
99215,px,12,205,0.3217391304347826,0.25688073394495414,1.3722527472527473,0.1696265351235809,0.14854250954331236,1.0,Office O/P Est Hi 40-54 Min,office visit
80050,px,3,28,0.06086956521739131,0.03211009174311927,1.9537037037037037,0.16999320756723743,0.13058710509070076,1.0,General Health Panel,lab test
E1390,px,12,28,0.06086956521739131,0.03211009174311927,1.9537037037037037,0.16999320756723743,0.13058710509070076,1.0,Oxygen Concentrator,supply/service
M170,dx,6,28,0.06086956521739131,0.03211009174311927,1.9537037037037037,0.16999320756723743,0.12933300663146832,1.0,Primary Osteoarthritis Of Knee,diagnosis
I480,dx,3,56,0.10434782608695652,0.0672782874617737,1.615180935569285,0.1721157874037233,0.15580272854915717,1.0,Paroxysmal Atrial Fibrillation,diagnosis
84439,px,6,40,0.0782608695652174,0.047400611620795105,1.706329884357882,0.17287423287824988,0.16978526897766721,1.0,Assay Of Free Thyroxine,lab test
36415,px,6,76,0.06086956521739131,0.10550458715596331,0.5495169082125604,0.17463843924475303,0.13789495570890548,1.0,Routine Venipuncture,procedure
Tiotropium Bromide,rx,6,10,0.02608695652173913,0.010703363914373088,2.475765306122449,0.17750830774001233,0.17996959433975845,1.0,Tiotropium Bromide,medication
92250,px,3,10,0.02608695652173913,0.010703363914373088,2.475765306122449,0.17750830774001233,0.17996959433975845,1.0,Eye Exam With Photos,procedure
Esomeprazole Magnesium,rx,6,10,0.02608695652173913,0.010703363914373088,2.475765306122449,0.17750830774001233,0.17996959433975845,1.0,Esomeprazole Magnesium,medication
73610,px,12,10,0.02608695652173913,0.010703363914373088,2.475765306122449,0.17750830774001233,0.17996959433975845,1.0,X-Ray Exam Ankle Complete,imaging
F17200,dx,12,10,0.02608695652173913,0.010703363914373088,2.475765306122449,0.17750830774001233,0.17996959433975845,1.0,"Nicotine Dependence, Unspecified, Uncomplicated",diagnosis
F17210,dx,6,10,0.02608695652173913,0.010703363914373088,2.475765306122449,0.17750830774001233,0.17996959433975845,1.0,"Nicotine Dependence, Cigarettes, Uncomplicated",diagnosis
R001,dx,6,10,0.02608695652173913,0.010703363914373088,2.475765306122449,0.17750830774001233,0.17996959433975845,1.0,"Bradycardia, Unspecified",diagnosis
Z5181,dx,6,10,0.02608695652173913,0.010703363914373088,2.475765306122449,0.17750830774001233,0.17996959433975845,1.0,Encounter For Therapeutic Drug Level Monitoring,diagnosis
Z01419,dx,6,10,0.02608695652173913,0.010703363914373088,2.475765306122449,0.17750830774001233,0.17996959433975845,1.0,Encntr For Gyn Exam (General) (Routine) W/O Abn Findings,diagnosis
Oxycodone Hydrochloride,rx,6,10,0.02608695652173913,0.010703363914373088,2.475765306122449,0.17750830774001233,0.17996959433975845,1.0,Oxycodone Hydrochloride,medication
20610,px,3,10,0.02608695652173913,0.010703363914373088,2.475765306122449,0.17750830774001233,0.17996959433975845,1.0,Drain/Inj Joint/Bursa W/O Us,procedure
85025,px,6,78,0.1391304347826087,0.09480122324159021,1.5431736722059304,0.17825569497152605,0.15284565865589847,1.0,Complete Cbc W/Auto Diff Wbc,lab test
A4604,px,12,57,0.10434782608695652,0.06880733944954129,1.5766990291262135,0.1788612022512055,0.17487137467820424,1.0,Tubing With Heating Element,supply/service
A7046,px,12,43,0.02608695652173913,0.06116207951070336,0.41116071428571427,0.1842155695697979,0.1306634143377571,1.0,"Repl Water Chamber, Pap Dev",supply/service
83605,px,12,43,0.02608695652173913,0.06116207951070336,0.41116071428571427,0.1842155695697979,0.13108696877266285,1.0,Assay Of Lactic Acid,lab test
Doxycycline Hyclate,rx,12,19,0.043478260869565216,0.021406727828746176,2.0779220779220777,0.18473005074675083,0.16020848197840099,1.0,Doxycycline Hyclate,medication
93321,px,3,19,0.043478260869565216,0.021406727828746176,2.0779220779220777,0.18473005074675083,0.16020848197840099,1.0,Doppler Echo Exam Heart,procedure
99239,px,3,19,0.043478260869565216,0.021406727828746176,2.0779220779220777,0.18473005074675083,0.16020848197840099,1.0,Hosp Ip/Obs Dschrg Mgmt >30,office visit
Z01810,dx,12,19,0.043478260869565216,0.021406727828746176,2.0779220779220777,0.18473005074675083,0.16275532575288976,1.0,Encounter For Preprocedural Cardiovascular Examination,diagnosis
Z0000,dx,12,330,0.48695652173913045,0.41896024464831805,1.3163429419769888,0.18499613436141377,0.09000823740428149,1.0,Encntr For General Adult Medical Exam W/O Abnormal Findings,diagnosis
96127,px,12,44,0.08695652173913043,0.05198776758409786,1.7366946778711485,0.18741979662451747,0.13689990095832516,1.0,Brief Emotional/Behav Assmt,procedure
93018,px,12,44,0.08695652173913043,0.05198776758409786,1.7366946778711485,0.18741979662451747,0.14303175181239244,1.0,Cardiovascular Stress Test,procedure
96365,px,12,45,0.08695652173913043,0.053516819571865444,1.6843537414965986,0.19241396305547515,0.16097653625178288,1.0,Ther/Proph/Diag Iv Inf Init,procedure
86901,px,12,45,0.08695652173913043,0.053516819571865444,1.6843537414965986,0.19241396305547515,0.15929440315542198,1.0,Blood Typing Serologic Rh(D),lab test
86803,px,12,45,0.08695652173913043,0.053516819571865444,1.6843537414965986,0.19241396305547515,0.15852781841552666,1.0,Hepatitis C Ab Test,lab test
99239,px,12,64,0.11304347826086956,0.0779816513761468,1.5069204152249136,0.2032024002272,0.2033909131146051,1.0,Hosp Ip/Obs Dschrg Mgmt >30,office visit
84484,px,6,64,0.11304347826086956,0.0779816513761468,1.5069204152249136,0.2032024002272,0.21673528330688774,1.0,Assay Of Troponin Quant,lab test
82043,px,12,87,0.14782608695652175,0.10703363914373089,1.4472303206997084,0.20326095985832657,0.18099876399408743,1.0,Ur Albumin Quantitative,lab test
G8427,px,6,20,0.043478260869565216,0.022935779816513763,1.9363636363636363,0.2034527806127659,0.20238819845977485,1.0,Docrev Cur Meds By Elig Clin,supply/service
20610,px,6,20,0.043478260869565216,0.022935779816513763,1.9363636363636363,0.2034527806127659,0.20238819845977485,1.0,Drain/Inj Joint/Bursa W/O Us,procedure
J3490,px,6,20,0.043478260869565216,0.022935779816513763,1.9363636363636363,0.2034527806127659,0.20238819845977485,1.0,Drugs Unclassified Injection,supply/service
Esomeprazole Magnesium,rx,12,20,0.043478260869565216,0.022935779816513763,1.9363636363636363,0.2034527806127659,0.20238819845977485,1.0,Esomeprazole Magnesium,medication
99283,px,12,65,0.05217391304347826,0.09021406727828746,0.5551236199657907,0.20597166998584635,0.17492631895240873,1.0,Emergency Dept Visit Low Mdm,office visit
I493,dx,6,31,0.06086956521739131,0.03669724770642202,1.7013888888888888,0.206585952304987,0.22477971756211357,1.0,Ventricular Premature Depolarization,diagnosis
71250,px,12,31,0.06086956521739131,0.03669724770642202,1.7013888888888888,0.206585952304987,0.2187278761755549,1.0,Ct Thorax Dx C-,imaging
80053,px,3,47,0.08695652173913043,0.05657492354740061,1.5881595881595882,0.20745440789054975,0.20296184045913246,1.0,Comprehen Metabolic Panel,lab test
J3490,px,12,47,0.08695652173913043,0.05657492354740061,1.5881595881595882,0.20745440789054975,0.21225926814616414,1.0,Drugs Unclassified Injection,supply/service
Duloxetine Hydrochloride,rx,12,32,0.017391304347826087,0.045871559633027525,0.368141592920354,0.20791868216124948,0.15889296527482322,1.0,Duloxetine Hydrochloride,medication
M1712,dx,6,32,0.017391304347826087,0.045871559633027525,0.368141592920354,0.20791868216124948,0.15851546414449602,1.0,"Primary Osteoarthritis, Left Knee",diagnosis
E7800,dx,6,91,0.1565217391304348,0.11162079510703364,1.4769100409546674,0.20885303704870264,0.1719391759238601,1.0,"Pure Hypercholesterolemia, Unspecified",diagnosis
93000,px,12,208,0.3217391304347826,0.26146788990825687,1.3398560503823662,0.2101604674190542,0.29129083855587945,1.0,Electrocardiogram Complete,procedure
99203,px,6,68,0.12173913043478261,0.08256880733944955,1.54015401540154,0.21016197214217622,0.16355952427981835,1.0,Office O/P New Low 30-44 Min,office visit
96372,px,12,69,0.12173913043478261,0.08409785932721713,1.5096309630963096,0.21409638249067475,0.19317808012378546,1.0,Ther/Proph/Diag Inj Sc/Im,procedure
I4891,dx,6,93,0.1565217391304348,0.11467889908256881,1.4325773195876288,0.21488517785243907,0.21527300314353504,1.0,Unspecified Atrial Fibrillation,diagnosis
Lorazepam,rx,6,11,0.02608695652173913,0.012232415902140673,2.1629464285714284,0.21880017109146593,0.24931004168130722,1.0,Lorazepam,medication
93283,px,3,11,0.02608695652173913,0.012232415902140673,2.1629464285714284,0.21880017109146593,0.24931004168130722,1.0,Prgrmg Eval Implantable Dfb,procedure
Z1211,dx,6,11,0.02608695652173913,0.012232415902140673,2.1629464285714284,0.21880017109146593,0.24931004168130722,1.0,Encounter For Screening For Malignant Neoplasm Of Colon,diagnosis
93880,px,6,11,0.02608695652173913,0.012232415902140673,2.1629464285714284,0.21880017109146593,0.24931004168130722,1.0,Extracranial Bilat Study,procedure
94640,px,6,11,0.02608695652173913,0.012232415902140673,2.1629464285714284,0.21880017109146593,0.24931004168130722,1.0,Airway Inhalation Treatment,procedure
Furosemide,rx,3,11,0.02608695652173913,0.012232415902140673,2.1629464285714284,0.21880017109146593,0.24931004168130722,1.0,Furosemide,medication
R5383,dx,6,11,0.02608695652173913,0.012232415902140673,2.1629464285714284,0.21880017109146593,0.24931004168130722,1.0,Other Fatigue,diagnosis
G8427,px,3,11,0.02608695652173913,0.012232415902140673,2.1629464285714284,0.21880017109146593,0.24931004168130722,1.0,Docrev Cur Meds By Elig Clin,supply/service
J1644,px,3,11,0.02608695652173913,0.012232415902140673,2.1629464285714284,0.21880017109146593,0.24931004168130722,1.0,Inj Heparin Sodium Per 1000U,supply/service
J7030,px,3,11,0.02608695652173913,0.012232415902140673,2.1629464285714284,0.21880017109146593,0.24931004168130722,1.0,Normal Saline Solution Infus,supply/service
Hydrochlorothiazide,rx,12,11,0.02608695652173913,0.012232415902140673,2.1629464285714284,0.21880017109146593,0.24931004168130722,1.0,Hydrochlorothiazide,medication
Tizanidine Hydrochloride,rx,12,11,0.02608695652173913,0.012232415902140673,2.1629464285714284,0.21880017109146593,0.24931004168130722,1.0,Tizanidine Hydrochloride,medication
I350,dx,12,70,0.12173913043478261,0.0856269113149847,1.4801980198019802,0.2192372801314441,0.21969158633536534,1.0,Nonrheumatic Aortic (Valve) Stenosis,diagnosis
I422,dx,6,222,0.3391304347826087,0.2798165137614679,1.3207506471095771,0.21954189804372015,0.19562734848368468,1.0,Other Hypertrophic Cardiomyopathy,diagnosis
E1165,dx,3,35,0.06956521739130435,0.04128440366972477,1.7362409138110073,0.22008358977835246,0.18178341879360904,1.0,Type 2 Diabetes Mellitus With Hyperglycemia,diagnosis
I340,dx,6,95,0.08695652173913043,0.12996941896024464,0.6375350140056022,0.22146585542352704,0.18858605826432306,1.0,Nonrheumatic Mitral (Valve) Insufficiency,diagnosis
R9431,dx,12,229,0.34782608695652173,0.2889908256880734,1.312169312169312,0.22393185618742859,0.23016039723566806,1.0,Abnormal Electrocardiogram [Ecg] [Ekg],diagnosis
1111F,px,12,21,0.043478260869565216,0.024464831804281346,1.8125,0.2249030934849232,0.24925336437246137,1.0,Dschrg Med/Current Med Merge,procedure
I517,dx,3,72,0.06086956521739131,0.09938837920489296,0.5873219373219373,0.2263091441204476,0.19039264928929545,1.0,Cardiomegaly,diagnosis
A0429,px,12,36,0.06956521739130435,0.04281345565749235,1.671562082777036,0.22871341816420648,0.21094042695664605,1.0,Bls-Emergency,supply/service
Apixaban,rx,12,36,0.06956521739130435,0.04281345565749235,1.671562082777036,0.22871341816420648,0.21094042695664605,1.0,Apixaban,medication
J449,dx,12,100,0.16521739130434782,0.12385321100917432,1.4000771604938271,0.22989367666845684,0.22356651219478574,1.0,"Chronic Obstructive Pulmonary Disease, Unspecified",diagnosis
L814,dx,12,12,0.0,0.01834862385321101,0.0,0.2307584133305295,0.1437217029551059,1.0,Other Melanin Hyperpigmentation,diagnosis
R350,dx,12,12,0.0,0.01834862385321101,0.0,0.2307584133305295,0.1437217029551059,1.0,Frequency Of Micturition,diagnosis
97161,px,3,12,0.0,0.01834862385321101,0.0,0.2307584133305295,0.1437217029551059,1.0,Pt Eval Low Complex 20 Min,procedure
A7046,px,6,23,0.008695652173913044,0.03363914373088685,0.25199362041467305,0.23207137539825196,0.1480441833716618,1.0,"Repl Water Chamber, Pap Dev",supply/service
I5030,dx,3,13,0.0,0.019877675840978593,0.0,0.23479397359860632,0.12779298060651925,1.0,Unspecified Diastolic (Congestive) Heart Failure,diagnosis
Tramadol Hydrochloride,rx,12,13,0.0,0.019877675840978593,0.0,0.23479397359860632,0.12779298060651925,1.0,Tramadol Hydrochloride,medication
83605,px,6,24,0.008695652173913044,0.035168195718654434,0.2406559877955759,0.23780773679372458,0.13261320290772574,1.0,Assay Of Lactic Acid,lab test
Z79899,dx,3,54,0.09565217391304348,0.06574923547400612,1.502906976744186,0.23828604445989698,0.24764698377392125,1.0,Other Long Term (Current) Drug Therapy,diagnosis
99152,px,12,54,0.09565217391304348,0.06574923547400612,1.502906976744186,0.23828604445989698,0.24102470966419232,1.0,Mod Sed Same Phys/Qhp 5/>Yrs,office visit
93306,px,3,37,0.06956521739130435,0.04434250764525994,1.6113438607798904,0.23938748149919736,0.247171498923753,1.0,Tte W/Doppler Complete,procedure
96374,px,12,77,0.13043478260869565,0.09480122324159021,1.4322580645161291,0.23991800413792924,0.25446819455769376,1.0,Ther/Proph/Diag Inj Iv Push,procedure
1159F,px,3,25,0.05217391304347826,0.0290519877675841,1.8396909705456301,0.24679935204966147,0.19782829713975147,1.0,Med List Docd In Rcrd,procedure
R42,dx,12,25,0.05217391304347826,0.0290519877675841,1.8396909705456301,0.24679935204966147,0.19782829713975147,1.0,Dizziness And Giddiness,diagnosis
A0425,px,3,25,0.05217391304347826,0.0290519877675841,1.8396909705456301,0.24679935204966147,0.19782829713975147,1.0,Ground Mileage,supply/service
93320,px,12,38,0.02608695652173913,0.053516819571865444,0.47372448979591836,0.25172166293304954,0.21057641484517542,1.0,Doppler Echo Exam Heart,procedure
F339,dx,6,26,0.05217391304347826,0.03058103975535168,1.744954128440367,0.2587508387806329,0.2374603930016247,1.0,"Major Depressive Disorder, Recurrent, Unspecified",diagnosis
R011,dx,12,15,0.034782608695652174,0.016819571865443424,2.1064701064701064,0.26004355437380977,0.19957630363704026,1.0,"Cardiac Murmur, Unspecified",diagnosis
I129,dx,12,15,0.034782608695652174,0.016819571865443424,2.1064701064701064,0.26004355437380977,0.1959432346963128,1.0,Hypertensive Chronic Kidney Disease W Stg 1-4/Unsp Chr Kdny,diagnosis
Methylprednisolone,rx,12,15,0.034782608695652174,0.016819571865443424,2.1064701064701064,0.26004355437380977,0.19957630363704026,1.0,Methylprednisolone,medication
92134,px,12,42,0.0782608695652174,0.05045871559633028,1.597770154373928,0.2622878319979868,0.23086028752921905,1.0,Cptr Ophth Dx Img Post Segmt,procedure
J1644,px,12,42,0.0782608695652174,0.05045871559633028,1.597770154373928,0.2622878319979868,0.2268008738974624,1.0,Inj Heparin Sodium Per 1000U,supply/service
G2211,px,3,42,0.0782608695652174,0.05045871559633028,1.597770154373928,0.2622878319979868,0.2268008738974624,1.0,Complex E/M Visit Add On,supply/service
84484,px,12,120,0.19130434782608696,0.14984709480122324,1.3421110379635726,0.26576812306982334,0.3021959412708666,1.0,Assay Of Troponin Quant,lab test
93000,px,6,120,0.19130434782608696,0.14984709480122324,1.3421110379635726,0.26576812306982334,0.2873358655932826,1.0,Electrocardiogram Complete,procedure
E669,dx,3,61,0.10434782608695652,0.07492354740061162,1.4384783039429363,0.26580306839759305,0.2767842642461027,1.0,"Obesity, Unspecified",diagnosis
I2510,dx,3,62,0.05217391304347826,0.0856269113149847,0.5878112712975099,0.26816661765194155,0.22371599098165174,1.0,Athscl Heart Disease Of Native Coronary Artery W/O Ang Pctrs,diagnosis
Z23,dx,3,62,0.05217391304347826,0.0856269113149847,0.5878112712975099,0.26816661765194155,0.23531310311601183,1.0,Encounter For Immunization,diagnosis
71046,px,12,121,0.19130434782608696,0.15137614678899083,1.3261648745519714,0.26946994415054154,0.27923103213179146,1.0,X-Ray Exam Chest 2 Views,imaging
A4604,px,6,27,0.05217391304347826,0.03211009174311927,1.6592398427260813,0.2733611503857055,0.28165241522438356,1.0,Tubing With Heating Element,supply/service
75561,px,6,27,0.05217391304347826,0.03211009174311927,1.6592398427260813,0.2733611503857055,0.28165241522438356,1.0,Cardiac Mri For Morph W/Dye,imaging
17003,px,12,27,0.05217391304347826,0.03211009174311927,1.6592398427260813,0.2733611503857055,0.28165241522438356,1.0,Destruct Premalg Les 2-14,procedure
80053,px,6,66,0.11304347826086956,0.08103975535168195,1.4452460229374768,0.2776979668256459,0.2563609762690785,1.0,Comprehen Metabolic Panel,lab test
84153,px,6,44,0.0782608695652174,0.053516819571865444,1.5016172506738545,0.2795256188218037,0.2949989927082155,1.0,Assay Of Psa Total,lab test
C1894,px,12,44,0.0782608695652174,0.053516819571865444,1.5016172506738545,0.2795256188218037,0.2926387629105426,1.0,"Intro/Sheath, Non-Laser",supply/service
A4604,px,3,16,0.034782608695652174,0.01834862385321101,1.927927927927928,0.27960709606060125,0.25554722824790843,1.0,Tubing With Heating Element,supply/service
3077F,px,3,16,0.034782608695652174,0.01834862385321101,1.927927927927928,0.27960709606060125,0.25554722824790843,1.0,Syst Bp >/= 140 Mm Hg,procedure
Oxycodone Hydrochloride,rx,12,16,0.034782608695652174,0.01834862385321101,1.927927927927928,0.27960709606060125,0.25554722824790843,1.0,Oxycodone Hydrochloride,medication
17003,px,6,16,0.034782608695652174,0.01834862385321101,1.927927927927928,0.27960709606060125,0.25554722824790843,1.0,Destruct Premalg Les 2-14,procedure
Tiotropium Bromide,rx,12,16,0.034782608695652174,0.01834862385321101,1.927927927927928,0.27960709606060125,0.25554722824790843,1.0,Tiotropium Bromide,medication
1160F,px,3,16,0.034782608695652174,0.01834862385321101,1.927927927927928,0.27960709606060125,0.25554722824790843,1.0,Rvw Meds By Rx/Dr In Rcrd,procedure
99285,px,12,128,0.2,0.16055045871559634,1.3071428571428572,0.28108632760902885,0.26631531268391295,1.0,Emergency Dept Visit Hi Mdm,office visit
M1711,dx,12,45,0.034782608695652174,0.06269113149847094,0.5387826851241485,0.28772778790756526,0.23754801461338604,1.0,"Primary Osteoarthritis, Right Knee",diagnosis
I340,dx,3,47,0.034782608695652174,0.06574923547400612,0.5120469306515818,0.28923097483677174,0.19857259584715414,1.0,Nonrheumatic Mitral (Valve) Insufficiency,diagnosis
Q9957,px,12,28,0.05217391304347826,0.03363914373088685,1.5813177648040033,0.29032774773961834,0.3326511878039843,1.0,"Inj Perflutren Lip Micros,Ml",supply/service
81002,px,12,28,0.05217391304347826,0.03363914373088685,1.5813177648040033,0.29032774773961834,0.32844525144952785,1.0,Urinalysis Nonauto W/O Scope,lab test
74177,px,6,28,0.05217391304347826,0.03363914373088685,1.5813177648040033,0.29032774773961834,0.32844525144952785,1.0,Ct Abd & Pelv W/Contrast,imaging
94729,px,12,28,0.05217391304347826,0.03363914373088685,1.5813177648040033,0.29032774773961834,0.31545434329514566,1.0,Co/Membane Diffuse Capacity,procedure
71045,px,3,28,0.05217391304347826,0.03363914373088685,1.5813177648040033,0.29032774773961834,0.32294215023853823,1.0,X-Ray Exam Chest 1 View,imaging
R0789,dx,6,69,0.06086956521739131,0.09480122324159021,0.6188769414575866,0.29047384391690767,0.25116729634477086,1.0,Other Chest Pain,diagnosis
99203,px,12,138,0.21739130434782608,0.172782874617737,1.3298918387413963,0.2911566170074179,0.1831895900914564,1.0,Office O/P New Low 30-44 Min,office visit
73030,px,12,29,0.017391304347826087,0.04128440366972477,0.4110127826941986,0.29233654714612306,0.2148853428650308,1.0,X-Ray Exam Of Shoulder,imaging
81001,px,3,29,0.017391304347826087,0.04128440366972477,0.4110127826941986,0.29233654714612306,0.21538460853641828,1.0,Urinalysis Auto W/Scope,lab test
81003,px,6,48,0.08695652173913043,0.0581039755351682,1.543859649122807,0.2928240435021141,0.23275302923710217,1.0,Urinalysis Auto W/O Scope,lab test
M170,dx,12,48,0.08695652173913043,0.0581039755351682,1.543859649122807,0.2928240435021141,0.24091410010503855,1.0,Primary Osteoarthritis Of Knee,diagnosis
3074F,px,3,30,0.017391304347826087,0.04281345565749235,0.39570164348925413,0.29423511235310085,0.19465103953394292,1.0,Syst Bp Lt 130 Mm Hg,procedure
80048,px,12,196,0.2956521739130435,0.24770642201834864,1.2748056698673982,0.29661528657141334,0.16918202161611018,1.0,Metabolic Panel Total Ca,lab test
85652,px,12,49,0.08695652173913043,0.05963302752293578,1.5018315018315018,0.2981996701292725,0.2714999707279274,1.0,Rbc Sed Rate Automated,lab test
80076,px,12,49,0.08695652173913043,0.05963302752293578,1.5018315018315018,0.2981996701292725,0.2738718154253461,1.0,Hepatic Function Panel,lab test
82570,px,3,31,0.017391304347826087,0.04434250764525994,0.3814464449191334,0.29897791143140495,0.1758810568270216,1.0,Assay Of Urine Creatinine,lab test
86900,px,6,31,0.017391304347826087,0.04434250764525994,0.3814464449191334,0.29897791143140495,0.1758810568270216,1.0,Blood Typing Serologic Abo,lab test
75561,px,3,17,0.034782608695652174,0.019877675840978593,1.7768537768537769,0.3027670999117688,0.31683418528232876,1.0,Cardiac Mri For Morph W/Dye,imaging
84156,px,6,17,0.034782608695652174,0.019877675840978593,1.7768537768537769,0.3027670999117688,0.31683418528232876,1.0,Assay Of Protein Urine,lab test
Prednisone,rx,6,17,0.034782608695652174,0.019877675840978593,1.7768537768537769,0.3027670999117688,0.31683418528232876,1.0,Prednisone,medication
92134,px,3,17,0.034782608695652174,0.019877675840978593,1.7768537768537769,0.3027670999117688,0.31683418528232876,1.0,Cptr Ophth Dx Img Post Segmt,procedure
Famotidine,rx,12,17,0.034782608695652174,0.019877675840978593,1.7768537768537769,0.3027670999117688,0.31683418528232876,1.0,Famotidine,medication
Amoxicillin,rx,6,17,0.034782608695652174,0.019877675840978593,1.7768537768537769,0.3027670999117688,0.31683418528232876,1.0,Amoxicillin,medication
G4733,dx,6,147,0.22608695652173913,0.18501529051987767,1.2868418608970191,0.30491360653347294,0.33827079507992397,1.0,Obstructive Sleep Apnea (Adult) (Pediatric),diagnosis
71045,px,6,50,0.08695652173913043,0.06116207951070336,1.4619047619047618,0.30526364761838815,0.2892179535250372,1.0,X-Ray Exam Chest 1 View,imaging
J3301,px,12,32,0.06086956521739131,0.0382262996941896,1.6307407407407408,0.30636667317712285,0.26166764355944405,1.0,Triamcinolone Acet Inj Nos,supply/service
3044F,px,12,32,0.06086956521739131,0.0382262996941896,1.6307407407407408,0.30636667317712285,0.2558074562869591,1.0,Hg A1C Level Lt 7.0%,procedure
F329,dx,12,51,0.08695652173913043,0.06269113149847094,1.423925667828107,0.3139150045731023,0.3326188040357769,1.0,"Major Depressive Disorder, Single Episode, Unspecified",diagnosis
I350,dx,6,33,0.06086956521739131,0.039755351681957186,1.5655270655270654,0.316191138721785,0.3056216823391551,1.0,Nonrheumatic Aortic (Valve) Stenosis,diagnosis
J459,dx,12,33,0.06086956521739131,0.039755351681957186,1.5655270655270654,0.316191138721785,0.3062898488400305,1.0,"Asthma, Unspecified",diagnosis
90662,px,12,34,0.06086956521739131,0.04128440366972477,1.5051440329218106,0.3282328352689866,0.3467294268288067,1.0,Iiv No Prsv Increased Ag Im,procedure
83036,px,3,34,0.06086956521739131,0.04128440366972477,1.5051440329218106,0.3282328352689866,0.3490414996372594,1.0,Hemoglobin Glycosylated A1C,lab test
M5450,dx,12,18,0.034782608695652174,0.021406727828746176,1.6473616473616473,0.328814947298582,0.3824018414673188,1.0,"Low Back Pain, Unspecified",diagnosis
Z950,dx,12,18,0.034782608695652174,0.021406727828746176,1.6473616473616473,0.328814947298582,0.3843058477784057,1.0,Presence Of Cardiac Pacemaker,diagnosis
1036F,px,3,18,0.034782608695652174,0.021406727828746176,1.6473616473616473,0.328814947298582,0.3824018414673188,1.0,Tobacco Non-User,procedure
3075F,px,12,86,0.1391304347826087,0.10703363914373089,1.3483405483405484,0.33513038708731685,0.3135530397890237,1.0,Syst Bp Ge 130 - 139Mm Hg,procedure
I447,dx,12,19,0.008695652173913044,0.027522935779816515,0.30994152046783624,0.3368154126548739,0.23098681675256183,1.0,"Left Bundle-Branch Block, Unspecified",diagnosis
G0378,px,3,19,0.008695652173913044,0.027522935779816515,0.30994152046783624,0.3368154126548739,0.23098681675256183,1.0,Hospital Observation Per Hr,supply/service
I5042,dx,12,19,0.008695652173913044,0.027522935779816515,0.30994152046783624,0.3368154126548739,0.23098681675256183,1.0,Chronic Combined Systolic And Diastolic Hrt Fail,diagnosis
M5416,dx,6,36,0.02608695652173913,0.05045871559633028,0.5040584415584416,0.3408935262030721,0.25291548939099395,1.0,"Radiculopathy, Lumbar Region",diagnosis
Z01818,dx,12,35,0.02608695652173913,0.04892966360856269,0.5206473214285714,0.34143168628234516,0.2790269244282342,1.0,Encounter For Other Preprocedural Examination,diagnosis
99283,px,6,35,0.02608695652173913,0.04892966360856269,0.5206473214285714,0.34143168628234516,0.2782022882554249,1.0,Emergency Dept Visit Low Mdm,office visit
J209,dx,12,35,0.02608695652173913,0.04892966360856269,0.5206473214285714,0.34143168628234516,0.27737851049446904,1.0,"Acute Bronchitis, Unspecified",diagnosis
83036,px,6,58,0.09565217391304348,0.07186544342507645,1.3659983633387889,0.3436717950041454,0.35476707565647314,1.0,Hemoglobin Glycosylated A1C,lab test
M810,dx,12,59,0.05217391304347826,0.08103975535168195,0.6241994114592349,0.34524825448966767,0.29059827314195874,1.0,Age-Related Osteoporosis W/O Current Pathological Fracture,diagnosis
R7989,dx,12,21,0.008695652173913044,0.03058103975535168,0.27807017543859647,0.3457514835689658,0.18447459358590634,1.0,Other Specified Abnormal Findings Of Blood Chemistry,diagnosis
82947,px,6,21,0.008695652173913044,0.03058103975535168,0.27807017543859647,0.3457514835689658,0.18473377229553167,1.0,Assay Glucose Blood Quant,lab test
93308,px,3,21,0.008695652173913044,0.03058103975535168,0.27807017543859647,0.3457514835689658,0.18473377229553167,1.0,Tte F-Up Or Lmtd,procedure
71046,px,3,38,0.06956521739130435,0.045871559633027525,1.5551401869158878,0.34705907896822896,0.28459108502074626,1.0,X-Ray Exam Chest 2 Views,imaging
20610,px,12,38,0.06956521739130435,0.045871559633027525,1.5551401869158878,0.34705907896822896,0.2802169375878206,1.0,Drain/Inj Joint/Bursa W/O Us,procedure
E119,dx,3,61,0.05217391304347826,0.08409785932721713,0.5994995829858215,0.34771987536147325,0.24205831971572023,1.0,Type 2 Diabetes Mellitus Without Complications,diagnosis
R0789,dx,12,132,0.1391304347826087,0.17737003058103976,0.7495646116335771,0.35043091204033117,0.3687181983998753,1.0,Other Chest Pain,diagnosis
86850,px,12,39,0.06956521739130435,0.047400611620795105,1.5025625565269822,0.3534888614312213,0.3094928981905134,1.0,Rbc Antibody Screen,lab test
J1100,px,3,22,0.043478260869565216,0.02599388379204893,1.7032085561497325,0.35599750313108514,0.30030588229316646,1.0,Dexamethasone Sodium Phos,supply/service
82728,px,3,22,0.043478260869565216,0.02599388379204893,1.7032085561497325,0.35599750313108514,0.30030588229316646,1.0,Assay Of Ferritin,lab test
83880,px,3,40,0.06956521739130435,0.04892966360856269,1.4532710280373833,0.3619471230813145,0.35870941748765495,1.0,Assay Of Natriuretic Peptide,lab test
M5416,dx,12,66,0.06086956521739131,0.09021406727828746,0.6536409290646579,0.36870135025612594,0.2947325769937217,1.0,"Radiculopathy, Lumbar Region",diagnosis
J2704,px,3,23,0.043478260869565216,0.027522935779816515,1.606060606060606,0.36949613700856143,0.3478127318401347,1.0,"Inj, Propofol, 10 Mg",supply/service
80307,px,6,23,0.043478260869565216,0.027522935779816515,1.606060606060606,0.36949613700856143,0.35699965836178993,1.0,Drug Test Prsmv Chem Anlyzr,lab test
99396,px,3,41,0.06956521739130435,0.05045871559633028,1.40696686491079,0.3722707993341732,0.40359709312058767,1.0,Prev Visit Est Age 40-64,office visit
J2405,px,6,41,0.06956521739130435,0.05045871559633028,1.40696686491079,0.3722707993341732,0.39023322760716816,1.0,Ondansetron Hcl Injection,supply/service
I110,dx,3,41,0.06956521739130435,0.05045871559633028,1.40696686491079,0.3722707993341732,0.40359709312058767,1.0,Hypertensive Heart Disease With Heart Failure,diagnosis
80307,px,12,41,0.06956521739130435,0.05045871559633028,1.40696686491079,0.3722707993341732,0.40625220011739893,1.0,Drug Test Prsmv Chem Anlyzr,lab test
Levothyroxine Sodium,rx,6,10,0.0,0.01529051987767584,0.0,0.3733949586008022,0.18262401676856255,1.0,Levothyroxine Sodium,medication
87491,px,12,10,0.0,0.01529051987767584,0.0,0.3733949586008022,0.18262064362752217,1.0,Chlamydia Dna Amp Probe,lab test
L570,dx,6,10,0.0,0.01529051987767584,0.0,0.3733949586008022,0.18262064362752217,1.0,Actinic Keratosis,diagnosis
Acetaminophen/Oxycodone Hydrochloride,rx,12,10,0.0,0.01529051987767584,0.0,0.3733949586008022,0.18262064362752217,1.0,Acetaminophen/Oxycodone Hydrochloride,medication
90791,px,6,10,0.0,0.01529051987767584,0.0,0.3733949586008022,0.18262064362752217,1.0,Psychiatric Diagnostic Eval,procedure
J3301,px,3,10,0.0,0.01529051987767584,0.0,0.3733949586008022,0.18262064362752217,1.0,Triamcinolone Acet Inj Nos,supply/service
I5022,dx,3,10,0.0,0.01529051987767584,0.0,0.3733949586008022,0.18262064362752217,1.0,Chronic Systolic (Congestive) Heart Failure,diagnosis
J069,dx,3,10,0.0,0.01529051987767584,0.0,0.3733949586008022,0.18262064362752217,1.0,"Acute Upper Respiratory Infection, Unspecified",diagnosis
W19XXXA,dx,12,10,0.0,0.01529051987767584,0.0,0.3733949586008022,0.18262064362752217,1.0,"Unspecified Fall, Initial Encounter",diagnosis
99204,px,6,106,0.16521739130434782,0.13302752293577982,1.2898706896551724,0.37853347817357774,0.3448595678474692,1.0,Office O/P New Mod 45-59 Min,office visit
99222,px,12,70,0.11304347826086956,0.0871559633027523,1.3348813209494323,0.3796954233233399,0.3772379346764405,1.0,1St Hosp Ip/Obs Moderate 55,office visit
E7800,dx,12,157,0.23478260869565218,0.19877675840978593,1.2367132867132866,0.3811111487184405,0.3589229794342589,1.0,"Pure Hypercholesterolemia, Unspecified",diagnosis
K5900,dx,3,11,0.0,0.016819571865443424,0.0,0.3850070263672877,0.16186975823344085,1.0,"Constipation, Unspecified",diagnosis
M542,dx,12,11,0.0,0.016819571865443424,0.0,0.3850070263672877,0.16186975823344085,1.0,Cervicalgia,diagnosis
Z125,dx,6,11,0.0,0.016819571865443424,0.0,0.3850070263672877,0.16187335726565377,1.0,Encounter For Screening For Malignant Neoplasm Of Prostate,diagnosis
83605,px,3,11,0.0,0.016819571865443424,0.0,0.3850070263672877,0.16186975823344085,1.0,Assay Of Lactic Acid,lab test
77080,px,12,11,0.0,0.016819571865443424,0.0,0.3850070263672877,0.16186975823344085,1.0,Dxa Bone Density Axial,imaging
"SARS-COV-2 (COVID-19) Vaccine, mRNA (Pfizer)",rx,12,11,0.0,0.016819571865443424,0.0,0.3850070263672877,0.16186975823344085,1.0,"SARS-COV-2 (COVID-19) Vaccine, mRNA (Pfizer)",medication
97110,px,3,11,0.0,0.016819571865443424,0.0,0.3850070263672877,0.16187335726565377,1.0,Therapeutic Exercises,procedure
Docusate Sodium,rx,6,11,0.0,0.016819571865443424,0.0,0.3850070263672877,0.16186975823344085,1.0,Docusate Sodium,medication
11102,px,3,11,0.0,0.016819571865443424,0.0,0.3850070263672877,0.16186975823344085,1.0,Tangntl Bx Skin Single Les,procedure
99238,px,6,11,0.0,0.016819571865443424,0.0,0.3850070263672877,0.16186975823344085,1.0,Hosp Ip/Obs Dschrg Mgmt 30/<,office visit
93320,px,3,11,0.0,0.016819571865443424,0.0,0.3850070263672877,0.16186975823344085,1.0,Doppler Echo Exam Heart,procedure
93308,px,12,71,0.11304347826086956,0.08868501529051988,1.3096686950642327,0.3855839697234684,0.4194738203637123,1.0,Tte F-Up Or Lmtd,procedure
J459,dx,6,24,0.043478260869565216,0.0290519877675841,1.5191387559808613,0.3858006506655861,0.4170162303810102,1.0,"Asthma, Unspecified",diagnosis
93005,px,3,24,0.043478260869565216,0.0290519877675841,1.5191387559808613,0.3858006506655861,0.41267403975774464,1.0,Electrocardiogram Tracing,procedure
J7030,px,6,24,0.043478260869565216,0.0290519877675841,1.5191387559808613,0.3858006506655861,0.41267403975774464,1.0,Normal Saline Solution Infus,supply/service
71275,px,6,24,0.043478260869565216,0.0290519877675841,1.5191387559808613,0.3858006506655861,0.41267403975774464,1.0,Ct Angiography Chest,imaging
3075F,px,6,45,0.0782608695652174,0.05504587155963303,1.4575471698113207,0.3860269326319104,0.3311245122668236,1.0,Syst Bp Ge 130 - 139Mm Hg,procedure
85610,px,6,46,0.0782608695652174,0.05657492354740061,1.415859255481897,0.39182378063434725,0.35566265536034747,1.0,Prothrombin Time,lab test
93005,px,6,46,0.0782608695652174,0.05657492354740061,1.415859255481897,0.39182378063434725,0.3717757274275817,1.0,Electrocardiogram Tracing,procedure
Atorvastatin Calcium,rx,6,46,0.0782608695652174,0.05657492354740061,1.415859255481897,0.39182378063434725,0.37446933482308764,1.0,Atorvastatin Calcium,medication
3074F,px,12,118,0.12173913043478261,0.15902140672782875,0.733054074638233,0.3993278461148493,0.3217343034443244,1.0,Syst Bp Lt 130 Mm Hg,procedure
92015,px,12,47,0.0782608695652174,0.0581039755351682,1.3763654419066533,0.399338470189676,0.4144072409662247,1.0,Determine Refractive State,procedure
E1165,dx,6,77,0.12173913043478261,0.0963302752293578,1.3003300330033003,0.40068796550347385,0.38964755659799943,1.0,Type 2 Diabetes Mellitus With Hyperglycemia,diagnosis
I10,dx,6,285,0.40869565217391307,0.363914373088685,1.208106772120613,0.4023770560365084,0.3155300462484525,1.0,Essential (Primary) Hypertension,diagnosis
Z950,dx,6,12,0.02608695652173913,0.013761467889908258,1.9196428571428572,0.40280179121116844,0.3262070637780027,1.0,Presence Of Cardiac Pacemaker,diagnosis
74176,px,6,12,0.02608695652173913,0.013761467889908258,1.9196428571428572,0.40280179121116844,0.3262070637780027,1.0,Ct Abd & Pelvis W/O Contrast,imaging
84100,px,3,12,0.02608695652173913,0.013761467889908258,1.9196428571428572,0.40280179121116844,0.3262070637780027,1.0,Assay Of Phosphorus,lab test
Alprazolam,rx,6,12,0.02608695652173913,0.013761467889908258,1.9196428571428572,0.40280179121116844,0.3262070637780027,1.0,Alprazolam,medication
17003,px,3,12,0.02608695652173913,0.013761467889908258,1.9196428571428572,0.40280179121116844,0.3262070637780027,1.0,Destruct Premalg Les 2-14,procedure
Sertraline Hydrochloride,rx,6,12,0.02608695652173913,0.013761467889908258,1.9196428571428572,0.40280179121116844,0.3262070637780027,1.0,Sertraline Hydrochloride,medication
Famotidine,rx,6,12,0.02608695652173913,0.013761467889908258,1.9196428571428572,0.40280179121116844,0.3262070637780027,1.0,Famotidine,medication
78452,px,3,12,0.02608695652173913,0.013761467889908258,1.9196428571428572,0.40280179121116844,0.3262070637780027,1.0,Ht Muscle Image Spect Mult,imaging
H2513,dx,12,12,0.02608695652173913,0.013761467889908258,1.9196428571428572,0.40280179121116844,0.3262070637780027,1.0,"Age-Related Nuclear Cataract, Bilateral",diagnosis
Z0001,dx,6,12,0.02608695652173913,0.013761467889908258,1.9196428571428572,0.40280179121116844,0.3262070637780027,1.0,Encounter For General Adult Medical Exam W Abnormal Findings,diagnosis
F329,dx,3,12,0.02608695652173913,0.013761467889908258,1.9196428571428572,0.40280179121116844,0.3262070637780027,1.0,"Major Depressive Disorder, Single Episode, Unspecified",diagnosis
C1769,px,3,12,0.02608695652173913,0.013761467889908258,1.9196428571428572,0.40280179121116844,0.3262070637780027,1.0,Guide Wire,supply/service
Metformin Hydrochloride,rx,3,12,0.02608695652173913,0.013761467889908258,1.9196428571428572,0.40280179121116844,0.3277814024202491,1.0,Metformin Hydrochloride,medication
Gabapentin,rx,12,25,0.043478260869565216,0.03058103975535168,1.440909090909091,0.4044763659903192,0.4750685168419495,1.0,Gabapentin,medication
99212,px,3,25,0.043478260869565216,0.03058103975535168,1.440909090909091,0.4044763659903192,0.472771887896998,1.0,Office O/P Est Sf 10-19 Min,office visit
Atorvastatin Calcium,rx,3,25,0.043478260869565216,0.03058103975535168,1.440909090909091,0.4044763659903192,0.472771887896998,1.0,Atorvastatin Calcium,medication
I371,dx,12,26,0.017391304347826087,0.03669724770642202,0.4646017699115044,0.4064435138789999,0.2907972192062168,1.0,Nonrheumatic Pulmonary Valve Insufficiency,diagnosis
E7800,dx,3,48,0.0782608695652174,0.05963302752293578,1.3388969521044993,0.40844512534722643,0.4469731569955817,1.0,"Pure Hypercholesterolemia, Unspecified",diagnosis
99212,px,12,82,0.13043478260869565,0.10244648318042814,1.3141791044776119,0.411603689245309,0.39854608959178583,1.0,Office O/P Est Sf 10-19 Min,office visit
Acetaminophen/Hydrocodone Bitartrate,rx,12,50,0.043478260869565216,0.06880733944954129,0.6151515151515151,0.41248716924280726,0.3102236181006801,1.0,Acetaminophen/Hydrocodone Bitartrate,medication
G4700,dx,6,28,0.017391304347826087,0.039755351681957186,0.427501701837985,0.4137990053019823,0.23773384909901474,1.0,"Insomnia, Unspecified",diagnosis
M255,dx,6,28,0.017391304347826087,0.039755351681957186,0.427501701837985,0.4137990053019823,0.23773384909901474,1.0,Pain In Joint,diagnosis
11102,px,12,28,0.017391304347826087,0.039755351681957186,0.427501701837985,0.4137990053019823,0.23773384909901474,1.0,Tangntl Bx Skin Single Les,procedure
87186,px,12,29,0.05217391304347826,0.035168195718654434,1.5101715197447148,0.421744013688363,0.3780071791951074,1.0,Microbe Susceptible Mic,lab test
Sulfamethoxazole/Trimethoprim,rx,12,13,0.02608695652173913,0.01529051987767584,1.725,0.42535985517445274,0.40842529660021487,1.0,Sulfamethoxazole/Trimethoprim,medication
Aspirin,rx,6,13,0.02608695652173913,0.01529051987767584,1.725,0.42535985517445274,0.4026754840639074,1.0,Aspirin,medication
J1885,px,3,13,0.02608695652173913,0.01529051987767584,1.725,0.42535985517445274,0.40842529660021487,1.0,Ketorolac Tromethamine Inj,supply/service
Z794,dx,12,13,0.02608695652173913,0.01529051987767584,1.725,0.42535985517445274,0.40842529660021487,1.0,Long Term (Current) Use Of Insulin,diagnosis
E119,dx,12,215,0.3130434782608696,0.27370030581039756,1.209249699455484,0.4302776740516933,0.43278727496582514,1.0,Type 2 Diabetes Mellitus Without Complications,diagnosis
F339,dx,12,55,0.08695652173913043,0.06880733944954129,1.288888888888889,0.43876372140935394,0.4817817708068124,1.0,"Major Depressive Disorder, Recurrent, Unspecified",diagnosis
M1712,dx,12,57,0.05217391304347826,0.0779816513761468,0.6508364813815435,0.43991125582258744,0.334400075906895,1.0,"Primary Osteoarthritis, Left Knee",diagnosis
80050,px,12,95,0.14782608695652175,0.11926605504587157,1.281004709576138,0.4414642858483334,0.37603417832514563,1.0,General Health Panel,lab test
99152,px,6,31,0.05217391304347826,0.0382262996941896,1.384954128440367,0.4447870632628276,0.4838296291877958,1.0,Mod Sed Same Phys/Qhp 5/>Yrs,office visit
R079,dx,3,60,0.09565217391304348,0.07492354740061162,1.3059262166405023,0.4507873057946114,0.4452674584691442,1.0,"Chest Pain, Unspecified",diagnosis
J459,dx,3,14,0.02608695652173913,0.016819571865443424,1.5657467532467533,0.45144385945541576,0.4939170235321366,1.0,"Asthma, Unspecified",diagnosis
I5020,dx,6,14,0.02608695652173913,0.016819571865443424,1.5657467532467533,0.45144385945541576,0.4939170235321366,1.0,Unspecified Systolic (Congestive) Heart Failure,diagnosis
93015,px,12,14,0.02608695652173913,0.016819571865443424,1.5657467532467533,0.45144385945541576,0.4939170235321366,1.0,Cardiovascular Stress Test,procedure
94729,px,6,14,0.02608695652173913,0.016819571865443424,1.5657467532467533,0.45144385945541576,0.4939170235321366,1.0,Co/Membane Diffuse Capacity,procedure
87186,px,6,14,0.02608695652173913,0.016819571865443424,1.5657467532467533,0.45144385945541576,0.4939170235321366,1.0,Microbe Susceptible Mic,lab test
96127,px,3,14,0.02608695652173913,0.016819571865443424,1.5657467532467533,0.45144385945541576,0.4939170235321366,1.0,Brief Emotional/Behav Assmt,procedure
A7038,px,3,14,0.02608695652173913,0.016819571865443424,1.5657467532467533,0.45144385945541576,0.4939170235321366,1.0,Pos Airway Pressure Filter,supply/service
93010,px,12,99,0.10434782608695652,0.13302752293577982,0.7592902577837295,0.4529984679871667,0.40117519765318543,1.0,Electrocardiogram Report,procedure
83690,px,6,32,0.02608695652173913,0.04434250764525994,0.5772783251231527,0.45726519359316964,0.36663575490727784,1.0,Assay Of Lipase,lab test
Prednisone,rx,12,35,0.06086956521739131,0.04281345565749235,1.4490740740740742,0.46361666137735325,0.3947128673143677,1.0,Prednisone,medication
84484,px,3,35,0.06086956521739131,0.04281345565749235,1.4490740740740742,0.46361666137735325,0.3922519519787294,1.0,Assay Of Troponin Quant,lab test
I5032,dx,12,105,0.1565217391304348,0.13302752293577982,1.2093849982225382,0.4655697470469145,0.49227201148341226,1.0,Chronic Diastolic (Congestive) Heart Failure,diagnosis
Rosuvastatin Calcium,rx,12,65,0.10434782608695652,0.08103975535168195,1.321121084447701,0.465769977148011,0.4176641443346133,1.0,Rosuvastatin Calcium,medication
F419,dx,6,36,0.06086956521739131,0.04434250764525994,1.3968710089399745,0.47025369714834575,0.43172125167873665,1.0,"Anxiety Disorder, Unspecified",diagnosis
3077F,px,12,67,0.10434782608695652,0.08409785932721713,1.2688437775816417,0.47408004468687037,0.47821781729454105,1.0,Syst Bp >/= 140 Mm Hg,procedure
80053,px,12,115,0.17391304347826086,0.1452599388379205,1.238781163434903,0.4778685703694743,0.40220466370560704,1.0,Comprehen Metabolic Panel,lab test
82550,px,12,37,0.06086956521739131,0.045871559633027525,1.348148148148148,0.4788496764514375,0.488933091566096,1.0,Assay Of Ck (Cpk),lab test
99231,px,6,15,0.02608695652173913,0.01834862385321101,1.4330357142857142,0.4799908391239198,0.5731235694195703,1.0,Sbsq Hosp Ip/Obs Sf/Low 25,office visit
R0989,dx,12,15,0.02608695652173913,0.01834862385321101,1.4330357142857142,0.4799908391239198,0.5809060576709757,1.0,Oth Symptoms And Signs Involving The Circ And Resp Systems,diagnosis
82962,px,3,15,0.02608695652173913,0.01834862385321101,1.4330357142857142,0.4799908391239198,0.5809060576709757,1.0,Glucose Blood Test,lab test
E780,dx,3,15,0.02608695652173913,0.01834862385321101,1.4330357142857142,0.4799908391239198,0.5809060576709757,1.0,Pure Hypercholesterolemia,diagnosis
G8929,dx,6,15,0.02608695652173913,0.01834862385321101,1.4330357142857142,0.4799908391239198,0.5828650978326761,1.0,Other Chronic Pain,diagnosis
99308,px,12,15,0.02608695652173913,0.01834862385321101,1.4330357142857142,0.4799908391239198,0.5809060576709757,1.0,Sbsq Nf Care Low Mdm 15,office visit
Ibuprofen,rx,3,15,0.02608695652173913,0.01834862385321101,1.4330357142857142,0.4799908391239198,0.5828650978326761,1.0,Ibuprofen,medication
J0690,px,6,15,0.02608695652173913,0.01834862385321101,1.4330357142857142,0.4799908391239198,0.5809060576709757,1.0,Cefazolin Sodium Injection,supply/service
E669,dx,12,194,0.2782608695652174,0.24770642201834864,1.1709058456046408,0.48636579818488573,0.39496759574408713,1.0,"Obesity, Unspecified",diagnosis
80061,px,12,120,0.13043478260869565,0.16055045871559634,0.7842857142857143,0.4867000677808496,0.40668239309660603,1.0,Lipid Panel,lab test
99203,px,3,38,0.06086956521739131,0.047400611620795105,1.302568697729988,0.4892109250995358,0.527153611177148,1.0,Office O/P New Low 30-44 Min,office visit
Z01818,dx,6,16,0.008695652173913044,0.022935779816513763,0.3736842105263158,0.48932986444620474,0.3245874366568674,1.0,Encounter For Other Preprocedural Examination,diagnosis
Acetaminophen/Hydrocodone Bitartrate,rx,3,16,0.008695652173913044,0.022935779816513763,0.3736842105263158,0.48932986444620474,0.3245874366568674,1.0,Acetaminophen/Hydrocodone Bitartrate,medication
Empagliflozin,rx,3,16,0.008695652173913044,0.022935779816513763,0.3736842105263158,0.48932986444620474,0.3245874366568674,1.0,Empagliflozin,medication
G4700,dx,3,16,0.008695652173913044,0.022935779816513763,0.3736842105263158,0.48932986444620474,0.3245874366568674,1.0,"Insomnia, Unspecified",diagnosis
I371,dx,6,16,0.008695652173913044,0.022935779816513763,0.3736842105263158,0.48932986444620474,0.3245874366568674,1.0,Nonrheumatic Pulmonary Valve Insufficiency,diagnosis
93306,px,6,73,0.11304347826086956,0.09174311926605505,1.261764705882353,0.4898368472248509,0.4609951525180297,1.0,Tte W/Doppler Complete,procedure
92014,px,12,73,0.11304347826086956,0.09174311926605505,1.261764705882353,0.4898368472248509,0.4912116799625821,1.0,Eye Exam&Tx Estab Pt 1/>Vst,procedure
71046,px,6,73,0.11304347826086956,0.09174311926605505,1.261764705882353,0.4898368472248509,0.48019317263322536,1.0,X-Ray Exam Chest 2 Views,imaging
Z79899,dx,12,200,0.28695652173913044,0.25535168195718655,1.1735796699284358,0.4899798374179443,0.5231809651052213,1.0,Other Long Term (Current) Drug Therapy,diagnosis
I428,dx,3,17,0.008695652173913044,0.024464831804281346,0.34978070175438597,0.4918622553709995,0.2895644377513932,1.0,Other Cardiomyopathies,diagnosis
J4521,dx,6,17,0.008695652173913044,0.024464831804281346,0.34978070175438597,0.4918622553709995,0.2895644377513932,1.0,Mild Intermittent Asthma With Acute Exacerbation,diagnosis
83690,px,3,17,0.008695652173913044,0.024464831804281346,0.34978070175438597,0.4918622553709995,0.2895644377513932,1.0,Assay Of Lipase,lab test
G0439,px,3,17,0.008695652173913044,0.024464831804281346,0.34978070175438597,0.4918622553709995,0.2895644377513932,1.0,"Ppps, Subseq Visit",supply/service
J22,dx,6,17,0.008695652173913044,0.024464831804281346,0.34978070175438597,0.4918622553709995,0.28916430817947647,1.0,Unspecified Acute Lower Respiratory Infection,diagnosis
99291,px,3,17,0.008695652173913044,0.024464831804281346,0.34978070175438597,0.4918622553709995,0.2895644377513932,1.0,Critical Care First Hour,office visit
97162,px,12,41,0.034782608695652174,0.05657492354740061,0.6009252495738983,0.4980173461405484,0.33686430209800955,1.0,Pt Eval Mod Complex 30 Min,procedure
R9431,dx,6,129,0.19130434782608696,0.1636085626911315,1.2093256959099588,0.4984184436314999,0.503074904435783,1.0,Abnormal Electrocardiogram [Ecg] [Ekg],diagnosis
88305,px,3,18,0.008695652173913044,0.02599388379204893,0.3286893704850361,0.4986810897652438,0.25852939568097555,1.0,Tissue Exam By Pathologist,lab test
K5900,dx,6,18,0.008695652173913044,0.02599388379204893,0.3286893704850361,0.4986810897652438,0.25852939568097555,1.0,"Constipation, Unspecified",diagnosis
I350,dx,3,19,0.034782608695652174,0.022935779816513763,1.5351351351351352,0.5091839241599854,0.4512098180260734,1.0,Nonrheumatic Aortic (Valve) Stenosis,diagnosis
85027,px,3,44,0.06956521739130435,0.05504587155963303,1.2834890965732086,0.5152755814268949,0.5400641763920219,1.0,Complete Cbc Automated,lab test
E039,dx,6,83,0.08695652173913043,0.11162079510703364,0.7579908675799086,0.5160569631105711,0.42264131526751736,1.0,"Hypothyroidism, Unspecified",diagnosis
83540,px,12,82,0.08695652173913043,0.11009174311926606,0.7698412698412699,0.5165100833699687,0.4539863134645713,1.0,Assay Of Iron,lab test
Z1211,dx,12,20,0.034782608695652174,0.024464831804281346,1.436936936936937,0.5227814421005397,0.5244164730397892,1.0,Encounter For Screening For Malignant Neoplasm Of Colon,diagnosis
Trazodone Hydrochloride,rx,6,20,0.034782608695652174,0.024464831804281346,1.436936936936937,0.5227814421005397,0.5265765845865646,1.0,Trazodone Hydrochloride,medication
96372,px,3,20,0.034782608695652174,0.024464831804281346,1.436936936936937,0.5227814421005397,0.5222601245900621,1.0,Ther/Proph/Diag Inj Sc/Im,procedure
J1885,px,6,20,0.034782608695652174,0.024464831804281346,1.436936936936937,0.5227814421005397,0.5222601245900621,1.0,Ketorolac Tromethamine Inj,supply/service
A0425,px,6,45,0.06956521739130435,0.05657492354740061,1.246779489770144,0.5241274234015006,0.584785474049422,1.0,Ground Mileage,supply/service
96361,px,12,45,0.06956521739130435,0.05657492354740061,1.246779489770144,0.5241274234015006,0.584785474049422,1.0,Hydrate Iv Infusion Add-On,procedure
J2704,px,6,45,0.06956521739130435,0.05657492354740061,1.246779489770144,0.5241274234015006,0.559696894076021,1.0,"Inj, Propofol, 10 Mg",supply/service
B351,dx,6,46,0.043478260869565216,0.06269113149847094,0.6796008869179601,0.526263667290362,0.4220495229352548,1.0,Tinea Unguium,diagnosis
88305,px,6,47,0.043478260869565216,0.06422018348623854,0.6623376623376623,0.5268938800048125,0.39093963483822913,1.0,Tissue Exam By Pathologist,lab test
82746,px,12,47,0.043478260869565216,0.06422018348623854,0.6623376623376623,0.5268938800048125,0.39093963483822913,1.0,Assay Of Folic Acid Serum,lab test
M1990,dx,12,48,0.043478260869565216,0.06574923547400612,0.645877378435518,0.5291391831559442,0.35896337707973225,1.0,"Unspecified Osteoarthritis, Unspecified Site",diagnosis
3008F,px,6,49,0.0782608695652174,0.06116207951070336,1.3033018867924528,0.5329154950024886,0.48936193176191223,1.0,Body Mass Index Docd,procedure
C1769,px,6,21,0.034782608695652174,0.02599388379204893,1.3502914679385267,0.538911295299111,0.5946286960596793,1.0,Guide Wire,supply/service
83540,px,3,21,0.034782608695652174,0.02599388379204893,1.3502914679385267,0.538911295299111,0.5946286960596793,1.0,Assay Of Iron,lab test
J1644,px,6,21,0.034782608695652174,0.02599388379204893,1.3502914679385267,0.538911295299111,0.5946286960596793,1.0,Inj Heparin Sodium Per 1000U,supply/service
A0427,px,3,21,0.034782608695652174,0.02599388379204893,1.3502914679385267,0.538911295299111,0.5968705201824148,1.0,Als1-Emergency,supply/service
C1894,px,6,21,0.034782608695652174,0.02599388379204893,1.3502914679385267,0.538911295299111,0.5946286960596793,1.0,"Intro/Sheath, Non-Laser",supply/service
99214,px,6,98,0.10434782608695652,0.13149847094801223,0.7694739218785279,0.5437099631660705,0.44188532301376615,1.0,Office O/P Est Mod 30-39 Min,office visit
93325,px,12,99,0.14782608695652175,0.12538226299694188,1.2100547536087605,0.5454537246136038,0.5220260818619975,1.0,Doppler Color Flow Add-On,procedure
Z95810,dx,3,54,0.05217391304347826,0.07339449541284404,0.694954128440367,0.5524861749193898,0.4262991574115823,1.0,Presence Of Automatic (Implantable) Cardiac Defibrillator,diagnosis
D649,dx,12,102,0.11304347826086956,0.13608562691131498,0.8090989204670632,0.5544430148970265,0.4923290379184242,1.0,"Anemia, Unspecified",diagnosis
82570,px,6,55,0.05217391304347826,0.07492354740061162,0.6796480059913874,0.5547575721087298,0.38157364216107503,1.0,Assay Of Urine Creatinine,lab test
86901,px,6,22,0.034782608695652174,0.027522935779816515,1.2732732732732732,0.5570478300462853,0.6674841873040738,1.0,Blood Typing Serologic Rh(D),lab test
Z0001,dx,12,22,0.034782608695652174,0.027522935779816515,1.2732732732732732,0.5570478300462853,0.6674841873040738,1.0,Encounter For General Adult Medical Exam W Abnormal Findings,diagnosis
93294,px,12,22,0.034782608695652174,0.027522935779816515,1.2732732732732732,0.5570478300462853,0.6674841873040738,1.0,Rem Interrog Evl Pm/Ldls Pm,procedure
Z98890,dx,12,22,0.034782608695652174,0.027522935779816515,1.2732732732732732,0.5570478300462853,0.6697854235888956,1.0,Other Specified Postprocedural States,diagnosis
J209,dx,6,23,0.017391304347826087,0.03211009174311927,0.5335018963337548,0.5578237514433575,0.3935334105275957,1.0,"Acute Bronchitis, Unspecified",diagnosis
Escitalopram Oxalate,rx,6,23,0.017391304347826087,0.03211009174311927,0.5335018963337548,0.5578237514433575,0.3926875938954456,1.0,Escitalopram Oxalate,medication
J069,dx,6,24,0.017391304347826087,0.03363914373088685,0.5084473049074819,0.5601287714609446,0.355370194322828,1.0,"Acute Upper Respiratory Infection, Unspecified",diagnosis
Naproxen Sodium,rx,12,24,0.017391304347826087,0.03363914373088685,0.5084473049074819,0.5601287714609446,0.35459281454990466,1.0,Naproxen Sodium,medication
Albuterol Sulfate,rx,6,24,0.017391304347826087,0.03363914373088685,0.5084473049074819,0.5601287714609446,0.35459281454990466,1.0,Albuterol Sulfate,medication
I480,dx,6,108,0.1565217391304348,0.13761467889908258,1.1628865979381444,0.5630409918983068,0.586668327485583,1.0,Paroxysmal Atrial Fibrillation,diagnosis
99204,px,3,57,0.08695652173913043,0.07186544342507645,1.2299898682877406,0.5631069330515255,0.5729040159366408,1.0,Office O/P New Mod 45-59 Min,office visit
93010,px,3,25,0.017391304347826087,0.035168195718654434,0.4855713736052328,0.5652224592828001,0.3222213533274326,1.0,Electrocardiogram Report,procedure
Sertraline Hydrochloride,rx,12,26,0.043478260869565216,0.03211009174311927,1.37012987012987,0.5727996261292434,0.5370709417014823,1.0,Sertraline Hydrochloride,medication
80076,px,6,26,0.043478260869565216,0.03211009174311927,1.37012987012987,0.5727996261292434,0.5370709417014823,1.0,Hepatic Function Panel,lab test
17000,px,12,26,0.043478260869565216,0.03211009174311927,1.37012987012987,0.5727996261292434,0.5370709417014823,1.0,Destruct Premalg Lesion,procedure
93356,px,6,26,0.043478260869565216,0.03211009174311927,1.37012987012987,0.5727996261292434,0.5370709417014823,1.0,Myocrd Strain Img Spckl Trck,procedure
M7910,dx,12,60,0.06086956521739131,0.08103975535168195,0.7349755415793152,0.5728965661488584,0.46489646433252474,1.0,"Myalgia, Unspecified Site",diagnosis
R0602,dx,12,215,0.30434782608695654,0.27522935779816515,1.1520833333333333,0.5732595759875101,0.6566453723679151,1.0,Shortness Of Breath,diagnosis
Z23,dx,6,118,0.13043478260869565,0.15749235474006115,0.8024271844660195,0.574435037106772,0.48475179672243807,1.0,Encounter For Immunization,diagnosis
93295,px,6,62,0.09565217391304348,0.0779816513761468,1.2505656108597285,0.5763076157300672,0.5215444414474013,1.0,Dev Interrog Remote 1/2/Mlt,procedure
I361,dx,12,63,0.09565217391304348,0.07951070336391437,1.22448224852071,0.5797096941838842,0.5754774120950261,1.0,Nonrheumatic Tricuspid (Valve) Insufficiency,diagnosis
I493,dx,12,63,0.09565217391304348,0.07951070336391437,1.22448224852071,0.5797096941838842,0.5611008106350225,1.0,Ventricular Premature Depolarization,diagnosis
96127,px,6,27,0.043478260869565216,0.03363914373088685,1.3057851239669422,0.5825483784220049,0.5977781463265095,1.0,Brief Emotional/Behav Assmt,procedure
J2405,px,12,64,0.09565217391304348,0.08103975535168195,1.1993831640058055,0.5841660491738816,0.5569594682066241,1.0,Ondansetron Hcl Injection,supply/service
J449,dx,6,64,0.09565217391304348,0.08103975535168195,1.1993831640058055,0.5841660491738816,0.6124605520621682,1.0,"Chronic Obstructive Pulmonary Disease, Unspecified",diagnosis
I517,dx,12,241,0.28695652173913044,0.3180428134556575,0.8629221388367729,0.5858893997410166,0.6545534917945204,1.0,Cardiomegaly,diagnosis
I2510,dx,12,238,0.33043478260869563,0.3058103975535168,1.1202597402597403,0.5865260720511015,0.6351686258883532,1.0,Athscl Heart Disease Of Native Coronary Artery W/O Ang Pctrs,diagnosis
A0427,px,12,65,0.09565217391304348,0.08256880733944955,1.1752136752136753,0.5896124195733035,0.65742337169268,1.0,Als1-Emergency,supply/service
Z1231,dx,6,65,0.09565217391304348,0.08256880733944955,1.1752136752136753,0.5896124195733035,0.6136500638740932,1.0,Encntr Screen Mammogram For Malignant Neoplasm Of Breast,diagnosis
93000,px,3,68,0.06956521739130435,0.09174311926605505,0.7401869158878505,0.5924495611940255,0.43606123758632487,1.0,Electrocardiogram Complete,procedure
83550,px,12,69,0.10434782608695652,0.0871559633027523,1.2202350536535513,0.5947488757388101,0.5599241143098861,1.0,Iron Binding Test,lab test
E039,dx,12,139,0.2,0.17737003058103976,1.1594827586206897,0.5990807667036134,0.6326885378317868,1.0,"Hypothyroidism, Unspecified",diagnosis
G0439,px,6,29,0.02608695652173913,0.039755351681957186,0.646978021978022,0.6037571990378306,0.47867679302392296,1.0,"Ppps, Subseq Visit",supply/service
D649,dx,3,29,0.02608695652173913,0.039755351681957186,0.646978021978022,0.6037571990378306,0.4761320515111951,1.0,"Anemia, Unspecified",diagnosis
I420,dx,12,30,0.02608695652173913,0.04128440366972477,0.6220238095238095,0.6037957815890442,0.4383139613628735,1.0,Dilated Cardiomyopathy,diagnosis
82565,px,6,30,0.02608695652173913,0.04128440366972477,0.6220238095238095,0.6037957815890442,0.4383139613628735,1.0,Assay Of Creatinine,lab test
M810,dx,6,30,0.02608695652173913,0.04128440366972477,0.6220238095238095,0.6037957815890442,0.4371235606561378,1.0,Age-Related Osteoporosis W/O Current Pathological Fracture,diagnosis
R0789,dx,3,31,0.02608695652173913,0.04281345565749235,0.5988520408163265,0.6060056202688295,0.4116128492833443,1.0,Other Chest Pain,diagnosis
I428,dx,6,31,0.02608695652173913,0.04281345565749235,0.5988520408163265,0.6060056202688295,0.3999173467284912,1.0,Other Cardiomyopathies,diagnosis
R002,dx,12,148,0.20869565217391303,0.18960244648318042,1.1272598369372564,0.6100165700007727,0.672627348912442,1.0,Palpitations,diagnosis
I110,dx,6,77,0.11304347826086956,0.09785932721712538,1.1749387254901962,0.613918178371851,0.6377267553353567,1.0,Hypertensive Heart Disease With Heart Failure,diagnosis
80069,px,12,33,0.05217391304347826,0.04128440366972477,1.2782874617737003,0.6162481745543641,0.5958373970124815,1.0,Renal Function Panel,lab test
Z1231,dx,3,34,0.05217391304347826,0.04281345565749235,1.2306684141546527,0.6239067359994025,0.6531566065020711,1.0,Encntr Screen Mammogram For Malignant Neoplasm Of Breast,diagnosis
82728,px,12,84,0.12173913043478261,0.10703363914373089,1.1564356435643564,0.6278767135231293,0.6500919786316279,1.0,Assay Of Ferritin,lab test
E782,dx,6,173,0.24347826086956523,0.2217125382262997,1.1297661514070552,0.6284628171076545,0.5805845463259809,1.0,Mixed Hyperlipidemia,diagnosis
I340,dx,12,177,0.20869565217391303,0.23394495412844038,0.8636069812540401,0.6312843233720995,0.5155439724937031,1.0,Nonrheumatic Mitral (Valve) Insufficiency,diagnosis
I351,dx,6,35,0.05217391304347826,0.04434250764525994,1.1863334387851945,0.6329980472888761,0.710851132593894,1.0,Nonrheumatic Aortic (Valve) Insufficiency,diagnosis
99214,px,12,180,0.25217391304347825,0.2308868501529052,1.1232866163560757,0.6334510740052066,0.6229574802494557,1.0,Office O/P Est Mod 30-39 Min,office visit
Celecoxib,rx,12,36,0.034782608695652174,0.04892966360856269,0.7004504504504504,0.6369006743636383,0.5052850119443697,1.0,Celecoxib,medication
99284,px,3,36,0.034782608695652174,0.04892966360856269,0.7004504504504504,0.6369006743636383,0.5052850119443697,1.0,Emergency Dept Visit Mod Mdm,office visit
G0378,px,6,37,0.034782608695652174,0.05045871559633028,0.6781326781326781,0.6374016436114166,0.46798901268167425,1.0,Hospital Observation Per Hr,supply/service
Omeprazole,rx,12,37,0.034782608695652174,0.05045871559633028,0.6781326781326781,0.6374016436114166,0.46649791245509187,1.0,Omeprazole,medication
Z95810,dx,12,188,0.2608695652173913,0.2415902140672783,1.1079672375279226,0.6397874511834113,0.6041571072900206,1.0,Presence Of Automatic (Implantable) Cardiac Defibrillator,diagnosis
G0008,px,12,39,0.06086956521739131,0.04892966360856269,1.259837962962963,0.6432186265985116,0.5940359750500852,1.0,Admin Influenza Virus Vac,supply/service
G8427,px,12,39,0.06086956521739131,0.04892966360856269,1.259837962962963,0.6432186265985116,0.5911247543550026,1.0,Docrev Cur Meds By Elig Clin,supply/service
J449,dx,3,39,0.06086956521739131,0.04892966360856269,1.259837962962963,0.6432186265985116,0.5940359750500852,1.0,"Chronic Obstructive Pulmonary Disease, Unspecified",diagnosis
93295,px,12,96,0.1391304347826087,0.12232415902140673,1.1595959595959595,0.646063674079705,0.5980547036234412,1.0,Dev Interrog Remote 1/2/Mlt,procedure
71275,px,12,40,0.06086956521739131,0.05045871559633028,1.2196969696969697,0.6483013073918513,0.6325694446476415,1.0,Ct Angiography Chest,imaging
Prednisone,rx,3,10,0.017391304347826087,0.012232415902140673,1.4292035398230087,0.6507447310233979,0.6535162580365954,1.0,Prednisone,medication
M25512,dx,12,10,0.017391304347826087,0.012232415902140673,1.4292035398230087,0.6507447310233979,0.6535162580365954,1.0,Pain In Left Shoulder,diagnosis
99231,px,3,10,0.017391304347826087,0.012232415902140673,1.4292035398230087,0.6507447310233979,0.6535162580365954,1.0,Sbsq Hosp Ip/Obs Sf/Low 25,office visit
Z98890,dx,6,10,0.017391304347826087,0.012232415902140673,1.4292035398230087,0.6507447310233979,0.6551931608862751,1.0,Other Specified Postprocedural States,diagnosis
Ezetimibe,rx,12,10,0.017391304347826087,0.012232415902140673,1.4292035398230087,0.6507447310233979,0.6535162580365954,1.0,Ezetimibe,medication
M1711,dx,3,10,0.017391304347826087,0.012232415902140673,1.4292035398230087,0.6507447310233979,0.6535162580365954,1.0,"Primary Osteoarthritis, Right Knee",diagnosis
J2785,px,6,10,0.017391304347826087,0.012232415902140673,1.4292035398230087,0.6507447310233979,0.6535162580365954,1.0,Regadenoson Injection,supply/service
85379,px,6,10,0.017391304347826087,0.012232415902140673,1.4292035398230087,0.6507447310233979,0.6535162580365954,1.0,Fibrin Degradation Quant,lab test
C1894,px,3,10,0.017391304347826087,0.012232415902140673,1.4292035398230087,0.6507447310233979,0.6535162580365954,1.0,"Intro/Sheath, Non-Laser",supply/service
J3490,px,3,10,0.017391304347826087,0.012232415902140673,1.4292035398230087,0.6507447310233979,0.6535162580365954,1.0,Drugs Unclassified Injection,supply/service
93005,px,12,98,0.1391304347826087,0.12538226299694188,1.127371273712737,0.6513150149299483,0.7120963306814012,1.0,Electrocardiogram Tracing,procedure
Z95810,dx,6,98,0.1391304347826087,0.12538226299694188,1.127371273712737,0.6513150149299483,0.6139756284722425,1.0,Presence Of Automatic (Implantable) Cardiac Defibrillator,diagnosis
J441,dx,12,41,0.06086956521739131,0.05198776758409786,1.181917211328976,0.6546637359393174,0.7055717101276701,1.0,Chronic Obstructive Pulmonary Disease W (Acute) Exacerbation,diagnosis
E669,dx,6,105,0.14782608695652175,0.1345565749235474,1.1157235621521335,0.6612747423683463,0.7098264879949766,1.0,"Obesity, Unspecified",diagnosis
92014,px,6,42,0.06086956521739131,0.053516819571865444,1.1462962962962964,0.6621723700595641,0.7526399258791363,1.0,Eye Exam&Tx Estab Pt 1/>Vst,procedure
J1885,px,12,42,0.06086956521739131,0.053516819571865444,1.1462962962962964,0.6621723700595641,0.7495597200487542,1.0,Ketorolac Tromethamine Inj,supply/service
J2250,px,6,42,0.06086956521739131,0.053516819571865444,1.1462962962962964,0.6621723700595641,0.7526399258791363,1.0,Inj Midazolam Hydrochloride,supply/service
R002,dx,3,42,0.06086956521739131,0.053516819571865444,1.1462962962962964,0.6621723700595641,0.755723425567306,1.0,Palpitations,diagnosis
E039,dx,3,43,0.043478260869565216,0.0581039755351682,0.7368421052631579,0.6625493704848997,0.52593725797739,1.0,"Hypothyroidism, Unspecified",diagnosis
Ibuprofen,rx,12,44,0.043478260869565216,0.05963302752293578,0.7167832167832168,0.6633345522069061,0.4868882055812245,1.0,Ibuprofen,medication
99212,px,6,46,0.06956521739130435,0.0581039755351682,1.2120019675356615,0.6687312497642829,0.6428376505417241,1.0,Office O/P Est Sf 10-19 Min,office visit
I5022,dx,12,46,0.06956521739130435,0.0581039755351682,1.2120019675356615,0.6687312497642829,0.6364733524126982,1.0,Chronic Systolic (Congestive) Heart Failure,diagnosis
99205,px,6,47,0.06956521739130435,0.05963302752293578,1.1790079079798705,0.6731761599560468,0.66996378711804,1.0,Office O/P New Hi 60-74 Min,office visit
90662,px,6,11,0.017391304347826087,0.013761467889908258,1.2684365781710913,0.6735222485653503,0.7634069480450045,1.0,Iiv No Prsv Increased Ag Im,procedure
M79674,dx,12,11,0.017391304347826087,0.013761467889908258,1.2684365781710913,0.6735222485653503,0.7634069480450045,1.0,Pain In Right Toe(S),diagnosis
Potassium Chloride,rx,6,11,0.017391304347826087,0.013761467889908258,1.2684365781710913,0.6735222485653503,0.7650972098638738,1.0,Potassium Chloride,medication
Polyethylene Glycol 3350,rx,6,11,0.017391304347826087,0.013761467889908258,1.2684365781710913,0.6735222485653503,0.7650972098638738,1.0,Polyethylene Glycol 3350,medication
Z961,dx,12,11,0.017391304347826087,0.013761467889908258,1.2684365781710913,0.6735222485653503,0.7634069480450045,1.0,Presence Of Intraocular Lens,diagnosis
81002,px,3,11,0.017391304347826087,0.013761467889908258,1.2684365781710913,0.6735222485653503,0.7634069480450045,1.0,Urinalysis Nonauto W/O Scope,lab test
I6523,dx,12,11,0.017391304347826087,0.013761467889908258,1.2684365781710913,0.6735222485653503,0.7634069480450045,1.0,Occlusion And Stenosis Of Bilateral Carotid Arteries,diagnosis
F32A,dx,12,11,0.017391304347826087,0.013761467889908258,1.2684365781710913,0.6735222485653503,0.7634069480450045,1.0,"Depression, Unspecified",diagnosis
Hydroxyzine Hydrochloride,rx,12,11,0.017391304347826087,0.013761467889908258,1.2684365781710913,0.6735222485653503,0.7634069480450045,1.0,Hydroxyzine Hydrochloride,medication
F339,dx,3,11,0.017391304347826087,0.013761467889908258,1.2684365781710913,0.6735222485653503,0.7650972098638738,1.0,"Major Depressive Disorder, Recurrent, Unspecified",diagnosis
M7989,dx,12,11,0.017391304347826087,0.013761467889908258,1.2684365781710913,0.6735222485653503,0.7634069480450045,1.0,Other Specified Soft Tissue Disorders,diagnosis
M79671,dx,12,11,0.017391304347826087,0.013761467889908258,1.2684365781710913,0.6735222485653503,0.7634069480450045,1.0,Pain In Right Foot,diagnosis
N1831,dx,12,11,0.017391304347826087,0.013761467889908258,1.2684365781710913,0.6735222485653503,0.7634069480450045,1.0,"Chronic Kidney Disease, Stage 3A",diagnosis
I130,dx,12,11,0.017391304347826087,0.013761467889908258,1.2684365781710913,0.6735222485653503,0.7634069480450045,1.0,Hyp Hrt & Chr Kdny Dis W Hrt Fail And Stg 1-4/Unsp Chr Kdny,diagnosis
99284,px,12,118,0.16521739130434782,0.15137614678899083,1.1095328282828283,0.6757118531188735,0.7194909219151697,1.0,Emergency Dept Visit Mod Mdm,office visit
82043,px,6,48,0.06956521739130435,0.06116207951070336,1.1476635514018692,0.6786631756822754,0.7383521741445503,1.0,Ur Albumin Quantitative,lab test
R0602,dx,6,124,0.17391304347826086,0.15902140672782875,1.1133603238866396,0.6809630083795568,0.6990439007668505,1.0,Shortness Of Breath,diagnosis
M545,dx,12,50,0.05217391304347826,0.0672782874617737,0.7631359466221852,0.6831446311610552,0.5368416082693237,1.0,Low Back Pain,diagnosis
93283,px,12,49,0.05217391304347826,0.06574923547400612,0.7821634307659484,0.6832948226929619,0.5809762308345824,1.0,Prgrmg Eval Implantable Dfb,procedure
93325,px,6,53,0.0782608695652174,0.0672782874617737,1.1771012006861064,0.6891977612009038,0.6657305731452202,1.0,Doppler Color Flow Add-On,procedure
82306,px,12,135,0.1565217391304348,0.17889908256880735,0.8517049960348929,0.6899827501516014,0.5552173528712179,1.0,Vitamin D 25 Hydroxy,lab test
E876,dx,12,12,0.017391304347826087,0.01529051987767584,1.1398230088495576,0.6974070444846516,0.8677967644586579,1.0,Hypokalemia,diagnosis
J209,dx,3,12,0.017391304347826087,0.01529051987767584,1.1398230088495576,0.6974070444846516,0.8677967644586579,1.0,"Acute Bronchitis, Unspecified",diagnosis
M545,dx,3,12,0.017391304347826087,0.01529051987767584,1.1398230088495576,0.6974070444846516,0.8677967644586579,1.0,Low Back Pain,diagnosis
N1832,dx,12,12,0.017391304347826087,0.01529051987767584,1.1398230088495576,0.6974070444846516,0.8677967644586579,1.0,"Chronic Kidney Disease, Stage 3B",diagnosis
D225,dx,12,12,0.017391304347826087,0.01529051987767584,1.1398230088495576,0.6974070444846516,0.8677967644586579,1.0,Melanocytic Nevi Of Trunk,diagnosis
E660,dx,3,12,0.017391304347826087,0.01529051987767584,1.1398230088495576,0.6974070444846516,0.8677967644586579,1.0,Obesity Due To Excess Calories,diagnosis
73030,px,3,12,0.017391304347826087,0.01529051987767584,1.1398230088495576,0.6974070444846516,0.8677967644586579,1.0,X-Ray Exam Of Shoulder,imaging
Azithromycin,rx,6,12,0.017391304347826087,0.01529051987767584,1.1398230088495576,0.6974070444846516,0.8677967644586579,1.0,Azithromycin,medication
J9811,dx,12,12,0.017391304347826087,0.01529051987767584,1.1398230088495576,0.6974070444846516,0.8677967644586579,1.0,Atelectasis,diagnosis
Albuterol Sulfate,rx,3,12,0.017391304347826087,0.01529051987767584,1.1398230088495576,0.6974070444846516,0.8711373678044142,1.0,Albuterol Sulfate,medication
71275,px,3,12,0.017391304347826087,0.01529051987767584,1.1398230088495576,0.6974070444846516,0.8677967644586579,1.0,Ct Angiography Chest,imaging
M25562,dx,6,12,0.017391304347826087,0.01529051987767584,1.1398230088495576,0.6974070444846516,0.8677967644586579,1.0,Pain In Left Knee,diagnosis
I5032,dx,6,55,0.0782608695652174,0.07033639143730887,1.122231337161608,0.6980452160303942,0.7686032211367152,1.0,Chronic Diastolic (Congestive) Heart Failure,diagnosis
Metformin Hydrochloride,rx,12,55,0.0782608695652174,0.07033639143730887,1.122231337161608,0.6980452160303942,0.757748523472658,1.0,Metformin Hydrochloride,medication
I429,dx,12,146,0.17391304347826086,0.1926605504587156,0.8822055137844611,0.7001660301777493,0.6691031081495863,1.0,"Cardiomyopathy, Unspecified",diagnosis
G4700,dx,12,58,0.06086956521739131,0.0779816513761468,0.7663398692810458,0.7012344858095576,0.5297836579905495,1.0,"Insomnia, Unspecified",diagnosis
97110,px,12,59,0.08695652173913043,0.07492354740061162,1.1758989310009718,0.7032279936003574,0.6625393778456763,1.0,Therapeutic Exercises,procedure
M549,dx,12,13,0.008695652173913044,0.01834862385321101,0.4692982456140351,0.703802668379296,0.4599030606664134,1.0,"Dorsalgia, Unspecified",diagnosis
43239,px,12,13,0.008695652173913044,0.01834862385321101,0.4692982456140351,0.703802668379296,0.4599030606664134,1.0,Egd Biopsy Single/Multiple,procedure
K5730,dx,3,13,0.008695652173913044,0.01834862385321101,0.4692982456140351,0.703802668379296,0.4599030606664134,1.0,Dvrtclos Of Lg Int W/O Perforation Or Abscess W/O Bleeding,diagnosis
J441,dx,3,13,0.008695652173913044,0.01834862385321101,0.4692982456140351,0.703802668379296,0.4599030606664134,1.0,Chronic Obstructive Pulmonary Disease W (Acute) Exacerbation,diagnosis
M169,dx,3,13,0.008695652173913044,0.01834862385321101,0.4692982456140351,0.703802668379296,0.4599030606664134,1.0,"Osteoarthritis Of Hip, Unspecified",diagnosis
I4710,dx,12,13,0.008695652173913044,0.01834862385321101,0.4692982456140351,0.703802668379296,0.4592889722683765,1.0,"Supraventricular Tachycardia, Unspecified",diagnosis
R112,dx,12,13,0.008695652173913044,0.01834862385321101,0.4692982456140351,0.703802668379296,0.4599030606664134,1.0,"Nausea With Vomiting, Unspecified",diagnosis
I421,dx,12,756,0.991304347826087,0.981651376146789,2.130841121495327,0.703802668379296,0.1764188425267571,1.0,Obstructive Hypertrophic Cardiomyopathy,diagnosis
E1122,dx,12,13,0.008695652173913044,0.01834862385321101,0.4692982456140351,0.703802668379296,0.4599030606664134,1.0,Type 2 Diabetes Mellitus W Diabetic Chronic Kidney Disease,diagnosis
Tamsulosin Hydrochloride,rx,12,14,0.008695652173913044,0.019877675840978593,0.432523616734143,0.70608814161711,0.4090149362382456,1.0,Tamsulosin Hydrochloride,medication
I5033,dx,12,14,0.008695652173913044,0.019877675840978593,0.432523616734143,0.70608814161711,0.4090149362382456,1.0,Acute On Chronic Diastolic (Congestive) Heart Failure,diagnosis
M255,dx,3,14,0.008695652173913044,0.019877675840978593,0.432523616734143,0.70608814161711,0.4090149362382456,1.0,Pain In Joint,diagnosis
I420,dx,3,14,0.008695652173913044,0.019877675840978593,0.432523616734143,0.70608814161711,0.4090149362382456,1.0,Dilated Cardiomyopathy,diagnosis
R600,dx,12,14,0.008695652173913044,0.019877675840978593,0.432523616734143,0.70608814161711,0.4090149362382456,1.0,Localized Edema,diagnosis
83690,px,12,61,0.08695652173913043,0.0779816513761468,1.1260504201680672,0.7097185045892058,0.7542076014633738,1.0,Assay Of Lipase,lab test
K2900,dx,6,15,0.008695652173913044,0.021406727828746176,0.40100250626566414,0.7116279983466909,0.3636812460123514,1.0,Acute Gastritis Without Bleeding,diagnosis
97112,px,6,15,0.008695652173913044,0.021406727828746176,0.40100250626566414,0.7116279983466909,0.3641775162258032,1.0,Neuromuscular Reeducation,procedure
I351,dx,3,15,0.008695652173913044,0.021406727828746176,0.40100250626566414,0.7116279983466909,0.3641775162258032,1.0,Nonrheumatic Aortic (Valve) Insufficiency,diagnosis
M1712,dx,3,15,0.008695652173913044,0.021406727828746176,0.40100250626566414,0.7116279983466909,0.3641775162258032,1.0,"Primary Osteoarthritis, Left Knee",diagnosis
99222,px,3,15,0.008695652173913044,0.021406727828746176,0.40100250626566414,0.7116279983466909,0.3641775162258032,1.0,1St Hosp Ip/Obs Moderate 55,office visit
Duloxetine Hydrochloride,rx,6,15,0.008695652173913044,0.021406727828746176,0.40100250626566414,0.7116279983466909,0.3641775162258032,1.0,Duloxetine Hydrochloride,medication
Cyclobenzaprine Hydrochloride,rx,6,15,0.008695652173913044,0.021406727828746176,0.40100250626566414,0.7116279983466909,0.3641775162258032,1.0,Cyclobenzaprine Hydrochloride,medication
99285,px,6,66,0.09565217391304348,0.08409785932721713,1.1519230769230768,0.7175981547980201,0.6725781932364406,1.0,Emergency Dept Visit Hi Mdm,office visit
J2785,px,12,16,0.02608695652173913,0.019877675840978593,1.3207417582417582,0.719823489109858,0.6679131886213037,1.0,Regadenoson Injection,supply/service
82565,px,3,16,0.02608695652173913,0.019877675840978593,1.3207417582417582,0.719823489109858,0.6679131886213037,1.0,Assay Of Creatinine,lab test
93017,px,3,16,0.02608695652173913,0.019877675840978593,1.3207417582417582,0.719823489109858,0.6679131886213037,1.0,Cardiovascular Stress Test,procedure
Cephalexin,rx,12,16,0.02608695652173913,0.019877675840978593,1.3207417582417582,0.719823489109858,0.6679131886213037,1.0,Cephalexin,medication
Q9957,px,6,16,0.02608695652173913,0.019877675840978593,1.3207417582417582,0.719823489109858,0.669928325790029,1.0,"Inj Perflutren Lip Micros,Ml",supply/service
M7910,dx,3,16,0.02608695652173913,0.019877675840978593,1.3207417582417582,0.719823489109858,0.6679131886213037,1.0,"Myalgia, Unspecified Site",diagnosis
R0602,dx,3,67,0.09565217391304348,0.0856269113149847,1.1294642857142858,0.7202858590506076,0.7100557372314913,1.0,Shortness Of Breath,diagnosis
99204,px,12,191,0.2608695652173913,0.24617737003058104,1.0807453416149069,0.7266707968144788,0.7407725715394822,1.0,Office O/P New Mod 45-59 Min,office visit
97140,px,3,17,0.02608695652173913,0.021406727828746176,1.2244897959183674,0.7301177123962157,0.7537477856442756,1.0,Manual Therapy 1/> Regions,procedure
99211,px,12,17,0.02608695652173913,0.021406727828746176,1.2244897959183674,0.7301177123962157,0.7537477856442756,1.0,Office O/P Est Sf 5-9 Min,office visit
92250,px,6,17,0.02608695652173913,0.021406727828746176,1.2244897959183674,0.7301177123962157,0.7537477856442756,1.0,Eye Exam With Photos,procedure
Ondansetron,rx,12,17,0.02608695652173913,0.021406727828746176,1.2244897959183674,0.7301177123962157,0.7537477856442756,1.0,Ondansetron,medication
F17210,dx,12,17,0.02608695652173913,0.021406727828746176,1.2244897959183674,0.7301177123962157,0.7537477856442756,1.0,"Nicotine Dependence, Cigarettes, Uncomplicated",diagnosis
I119,dx,12,17,0.02608695652173913,0.021406727828746176,1.2244897959183674,0.7301177123962157,0.7557884913275374,1.0,Hypertensive Heart Disease Without Heart Failure,diagnosis
R531,dx,12,74,0.10434782608695652,0.09480122324159021,1.1124334481678673,0.7324593771316161,0.7779940633166803,1.0,Weakness,diagnosis
J3010,px,12,75,0.10434782608695652,0.0963302752293578,1.0929264909847434,0.7356269493841067,0.8062114075399132,1.0,Fentanyl Citrate Injection,supply/service
99284,px,6,77,0.08695652173913043,0.10244648318042814,0.8343994314143568,0.7367203942600835,0.6012620836051012,1.0,Emergency Dept Visit Mod Mdm,office visit
81003,px,12,79,0.11304347826086956,0.10091743119266056,1.1354723707664884,0.7386864918315962,0.6474763521741955,1.0,Urinalysis Auto W/O Scope,lab test
E559,dx,6,79,0.11304347826086956,0.10091743119266056,1.1354723707664884,0.7386864918315962,0.7312577696754,1.0,"Vitamin D Deficiency, Unspecified",diagnosis
G4733,dx,12,233,0.28695652173913044,0.3058103975535168,0.9135365853658537,0.7419245968224456,0.9463461063413985,1.0,Obstructive Sleep Apnea (Adult) (Pediatric),diagnosis
99152,px,3,18,0.02608695652173913,0.022935779816513763,1.1410714285714285,0.7420058118335496,0.8374818432605403,1.0,Mod Sed Same Phys/Qhp 5/>Yrs,office visit
86850,px,6,18,0.02608695652173913,0.022935779816513763,1.1410714285714285,0.7420058118335496,0.8273127471088776,1.0,Rbc Antibody Screen,lab test
G0008,px,3,18,0.02608695652173913,0.022935779816513763,1.1410714285714285,0.7420058118335496,0.8374818432605403,1.0,Admin Influenza Virus Vac,supply/service
Montelukast Sodium,rx,6,18,0.02608695652173913,0.022935779816513763,1.1410714285714285,0.7420058118335496,0.8395218139960269,1.0,Montelukast Sodium,medication
J3301,px,6,18,0.02608695652173913,0.022935779816513763,1.1410714285714285,0.7420058118335496,0.8374818432605403,1.0,Triamcinolone Acet Inj Nos,supply/service
G4730,dx,12,18,0.02608695652173913,0.022935779816513763,1.1410714285714285,0.7420058118335496,0.8374818432605403,1.0,"Sleep Apnea, Unspecified",diagnosis
F419,dx,3,18,0.02608695652173913,0.022935779816513763,1.1410714285714285,0.7420058118335496,0.8374818432605403,1.0,"Anxiety Disorder, Unspecified",diagnosis
3075F,px,3,18,0.02608695652173913,0.022935779816513763,1.1410714285714285,0.7420058118335496,0.8395218139960269,1.0,Syst Bp Ge 130 - 139Mm Hg,procedure
M25562,dx,12,18,0.02608695652173913,0.022935779816513763,1.1410714285714285,0.7420058118335496,0.8374818432605403,1.0,Pain In Left Knee,diagnosis
82550,px,6,18,0.02608695652173913,0.022935779816513763,1.1410714285714285,0.7420058118335496,0.8374818432605403,1.0,Assay Of Ck (Cpk),lab test
84153,px,12,81,0.11304347826086956,0.10397553516819572,1.098327566320646,0.7430305304901719,0.7655110497062262,1.0,Assay Of Psa Total,lab test
B351,dx,12,83,0.09565217391304348,0.11009174311926606,0.8549679487179487,0.7457788115365079,0.6578840362351044,1.0,Tinea Unguium,diagnosis
E782,dx,3,87,0.12173913043478261,0.11162079510703364,1.1032144310321443,0.7499463632698916,0.7340771707449081,1.0,Mixed Hyperlipidemia,diagnosis
M5416,dx,3,20,0.017391304347826087,0.027522935779816515,0.6253687315634219,0.7539511922008868,0.5287290028052001,1.0,"Radiculopathy, Lumbar Region",diagnosis
Pantoprazole Sodium,rx,6,20,0.017391304347826087,0.027522935779816515,0.6253687315634219,0.7539511922008868,0.5298031619254697,1.0,Pantoprazole Sodium,medication
M1711,dx,6,20,0.017391304347826087,0.027522935779816515,0.6253687315634219,0.7539511922008868,0.5298031619254697,1.0,"Primary Osteoarthritis, Right Knee",diagnosis
99283,px,3,20,0.017391304347826087,0.027522935779816515,0.6253687315634219,0.7539511922008868,0.5298031619254697,1.0,Emergency Dept Visit Low Mdm,office visit
73030,px,6,19,0.017391304347826087,0.02599388379204893,0.6631962519521083,0.7541440204201648,0.5833252374857218,1.0,X-Ray Exam Of Shoulder,imaging
88305,px,12,91,0.10434782608695652,0.12079510703363915,0.8479783704067838,0.7542071091757494,0.6049118509902256,1.0,Tissue Exam By Pathologist,lab test
E782,dx,12,291,0.391304347826087,0.3761467889908257,1.0662020905923344,0.7555452153347398,0.6881812011698422,1.0,Mixed Hyperlipidemia,diagnosis
96375,px,6,21,0.017391304347826087,0.0290519877675841,0.5915230554261761,0.7558674601744,0.48000435460787605,1.0,Tx/Pro/Dx Inj New Drug Addon,procedure
R0609,dx,12,21,0.017391304347826087,0.0290519877675841,0.5915230554261761,0.7558674601744,0.47900996850881494,1.0,Other Forms Of Dyspnea,diagnosis
96374,px,3,21,0.017391304347826087,0.0290519877675841,0.5915230554261761,0.7558674601744,0.47900996850881494,1.0,Ther/Proph/Diag Inj Iv Push,procedure
84439,px,12,93,0.13043478260869565,0.11926605504587157,1.1076923076923078,0.7564186210917828,0.7162601019533129,1.0,Assay Of Free Thyroxine,lab test
93320,px,6,22,0.017391304347826087,0.03058103975535168,0.5610619469026549,0.7596466016577681,0.43378514655912603,1.0,Doppler Echo Exam Heart,procedure
97162,px,6,22,0.017391304347826087,0.03058103975535168,0.5610619469026549,0.7596466016577681,0.4347032852097662,1.0,Pt Eval Mod Complex 30 Min,procedure
J441,dx,6,22,0.017391304347826087,0.03058103975535168,0.5610619469026549,0.7596466016577681,0.43286736238250967,1.0,Chronic Obstructive Pulmonary Disease W (Acute) Exacerbation,diagnosis
Polyethylene Glycol 3350,rx,12,22,0.017391304347826087,0.03058103975535168,0.5610619469026549,0.7596466016577681,0.43286736238250967,1.0,Polyethylene Glycol 3350,medication
R059,dx,12,22,0.017391304347826087,0.03058103975535168,0.5610619469026549,0.7596466016577681,0.4347032852097662,1.0,"Cough, Unspecified",diagnosis
97161,px,6,22,0.017391304347826087,0.03058103975535168,0.5610619469026549,0.7596466016577681,0.43286736238250967,1.0,Pt Eval Low Complex 20 Min,procedure
97110,px,6,22,0.017391304347826087,0.03058103975535168,0.5610619469026549,0.7596466016577681,0.43378514655912603,1.0,Therapeutic Exercises,procedure
I5032,dx,3,22,0.017391304347826087,0.03058103975535168,0.5610619469026549,0.7596466016577681,0.43378514655912603,1.0,Chronic Diastolic (Congestive) Heart Failure,diagnosis
71045,px,12,99,0.1391304347826087,0.12691131498470948,1.111841304612389,0.7624889138547413,0.6938126712048285,1.0,X-Ray Exam Chest 1 View,imaging
84550,px,6,23,0.034782608695652174,0.0290519877675841,1.204362256993836,0.7650360520222026,0.7400970731914446,1.0,Assay Of Blood/Uric Acid,lab test
84100,px,6,23,0.034782608695652174,0.0290519877675841,1.204362256993836,0.7650360520222026,0.7400970731914446,1.0,Assay Of Phosphorus,lab test
E119,dx,6,104,0.12173913043478261,0.13761467889908258,0.8686468646864687,0.7676441761162327,0.637061417549482,1.0,Type 2 Diabetes Mellitus Without Complications,diagnosis
Potassium Chloride,rx,12,24,0.034782608695652174,0.03058103975535168,1.1423423423423424,0.7717853036875932,0.802484771112415,1.0,Potassium Chloride,medication
11721,px,12,24,0.034782608695652174,0.03058103975535168,1.1423423423423424,0.7717853036875932,0.8141907286678947,1.0,Debride Nail 6 Or More,procedure
Z125,dx,12,24,0.034782608695652174,0.03058103975535168,1.1423423423423424,0.7717853036875932,0.8141907286678947,1.0,Encounter For Screening For Malignant Neoplasm Of Prostate,diagnosis
Empagliflozin,rx,6,25,0.034782608695652174,0.03211009174311927,1.0862290862290862,0.7796523752810349,0.8845353609115834,1.0,Empagliflozin,medication
M169,dx,6,25,0.034782608695652174,0.03211009174311927,1.0862290862290862,0.7796523752810349,0.8821935125633715,1.0,"Osteoarthritis Of Hip, Unspecified",diagnosis
93306,px,12,121,0.16521739130434782,0.1559633027522936,1.071078431372549,0.7821651886010661,0.8299415584862232,1.0,Tte W/Doppler Complete,procedure
Lorazepam,rx,12,26,0.02608695652173913,0.035168195718654434,0.734860248447205,0.7843910338771419,0.6200036350966417,1.0,Lorazepam,medication
I517,dx,6,126,0.17391304347826086,0.1620795107033639,1.0883813306852035,0.7846902880910156,0.7944576830921275,1.0,Cardiomegaly,diagnosis
E660,dx,12,27,0.02608695652173913,0.03669724770642202,0.703125,0.7847064545660687,0.5693516623147894,1.0,Obesity Due To Excess Calories,diagnosis
Z7901,dx,3,27,0.02608695652173913,0.03669724770642202,0.703125,0.7847064545660687,0.5679078690375889,1.0,Long Term (Current) Use Of Anticoagulants,diagnosis
86140,px,6,28,0.02608695652173913,0.0382262996941896,0.6739285714285714,0.7863990138855176,0.5209399131347806,1.0,C-Reactive Protein,lab test
I4892,dx,6,28,0.02608695652173913,0.0382262996941896,0.6739285714285714,0.7863990138855176,0.5222975571635398,1.0,Unspecified Atrial Flutter,diagnosis
96361,px,6,28,0.02608695652173913,0.0382262996941896,0.6739285714285714,0.7863990138855176,0.5222975571635398,1.0,Hydrate Iv Infusion Add-On,procedure
36415,px,12,130,0.1565217391304348,0.1712538226299694,0.8980117820324006,0.7878388698818819,0.6713622325291906,1.0,Routine Venipuncture,procedure
I110,dx,12,132,0.1826086956521739,0.16972477064220184,1.0928694652098907,0.7884825338617267,0.7794318501930866,1.0,Hypertensive Heart Disease With Heart Failure,diagnosis
M7910,dx,6,30,0.043478260869565216,0.0382262996941896,1.1436363636363636,0.7933904382519552,0.7891636699729413,1.0,"Myalgia, Unspecified Site",diagnosis
J22,dx,12,30,0.043478260869565216,0.0382262996941896,1.1436363636363636,0.7933904382519552,0.7944031253275518,1.0,Unspecified Acute Lower Respiratory Infection,diagnosis
97140,px,6,31,0.043478260869565216,0.039755351681957186,1.097902097902098,0.7984125220212035,0.8521337568821786,1.0,Manual Therapy 1/> Regions,procedure
J0690,px,12,31,0.043478260869565216,0.039755351681957186,1.097902097902098,0.7984125220212035,0.8437716412908489,1.0,Cefazolin Sodium Injection,supply/service
87077,px,12,31,0.043478260869565216,0.039755351681957186,1.097902097902098,0.7984125220212035,0.8521337568821786,1.0,Culture Aerobic Identify,lab test
Sitagliptin Phosphate,rx,12,31,0.043478260869565216,0.039755351681957186,1.097902097902098,0.7984125220212035,0.8678957026880179,1.0,Sitagliptin Phosphate,medication
3077F,px,6,31,0.043478260869565216,0.039755351681957186,1.097902097902098,0.7984125220212035,0.8521337568821786,1.0,Syst Bp >/= 140 Mm Hg,procedure
I10,dx,3,151,0.1826086956521739,0.19877675840978593,0.9004909983633388,0.7991317282654138,0.7429499248396843,1.0,Essential (Primary) Hypertension,diagnosis
99213,px,12,151,0.1826086956521739,0.19877675840978593,0.9004909983633388,0.7991317282654138,0.6915080456046188,1.0,Office O/P Est Low 20-29 Min,office visit
K2900,dx,12,32,0.043478260869565216,0.04128440366972477,1.0555555555555556,0.804265816968323,0.916676462058633,1.0,Acute Gastritis Without Bleeding,diagnosis
Meloxicam,rx,12,34,0.034782608695652174,0.045871559633027525,0.7495495495495496,0.805981321592256,0.5926339397447208,1.0,Meloxicam,medication
Fluticasone Propionate,rx,12,34,0.034782608695652174,0.045871559633027525,0.7495495495495496,0.805981321592256,0.5943924111956749,1.0,Fluticasone Propionate,medication
Pantoprazole Sodium,rx,12,34,0.034782608695652174,0.045871559633027525,0.7495495495495496,0.805981321592256,0.5926339397447208,1.0,Pantoprazole Sodium,medication
J4521,dx,12,34,0.034782608695652174,0.045871559633027525,0.7495495495495496,0.805981321592256,0.5943924111956749,1.0,Mild Intermittent Asthma With Acute Exacerbation,diagnosis
I361,dx,6,36,0.05217391304347826,0.045871559633027525,1.144954128440367,0.8099742975702358,0.7771636471921135,1.0,Nonrheumatic Tricuspid (Valve) Insufficiency,diagnosis
99285,px,3,36,0.05217391304347826,0.045871559633027525,1.144954128440367,0.8099742975702358,0.7742982477748259,1.0,Emergency Dept Visit Hi Mdm,office visit
I480,dx,12,189,0.23478260869565218,0.24770642201834864,0.9318181818181818,0.8151769014891792,0.7225926575911047,1.0,Paroxysmal Atrial Fibrillation,diagnosis
96372,px,6,38,0.05217391304347826,0.04892966360856269,1.069954128440367,0.8172753558795653,0.8828695692336369,1.0,Ther/Proph/Diag Inj Sc/Im,procedure
83540,px,6,38,0.05217391304347826,0.04892966360856269,1.069954128440367,0.8172753558795653,0.8828695692336369,1.0,Assay Of Iron,lab test
1126F,px,12,40,0.043478260869565216,0.053516819571865444,0.8038961038961039,0.8211307838122364,0.6512130880834348,1.0,Amnt Pain Noted None Prsnt,procedure
36415,px,3,39,0.043478260869565216,0.05198776758409786,0.8288770053475936,0.8212748008945132,0.7019477830675599,1.0,Routine Venipuncture,procedure
A0427,px,6,41,0.043478260869565216,0.05504587155963303,0.7803030303030303,0.8217967675683734,0.609219037062368,1.0,Als1-Emergency,supply/service
96374,px,6,41,0.043478260869565216,0.05504587155963303,0.7803030303030303,0.8217967675683734,0.6071852086625071,1.0,Ther/Proph/Diag Inj Iv Push,procedure
Albuterol Sulfate,rx,12,41,0.043478260869565216,0.05504587155963303,0.7803030303030303,0.8217967675683734,0.605153910242548,1.0,Albuterol Sulfate,medication
J3010,px,6,44,0.06086956521739131,0.05657492354740061,1.0808308308308308,0.828145837487487,0.8585550884463213,1.0,Fentanyl Citrate Injection,supply/service
93356,px,12,45,0.06086956521739131,0.0581039755351682,1.050682261208577,0.8315191022158491,0.9139626857422422,1.0,Myocrd Strain Img Spckl Trck,procedure
I4892,dx,12,45,0.06086956521739131,0.0581039755351682,1.050682261208577,0.8315191022158491,0.910851602255887,1.0,Unspecified Atrial Flutter,diagnosis
97161,px,12,46,0.05217391304347826,0.06116207951070336,0.844954128440367,0.8333142814740073,0.7034686418392055,1.0,Pt Eval Low Complex 20 Min,procedure
Empagliflozin,rx,12,46,0.05217391304347826,0.06116207951070336,0.844954128440367,0.8333142814740073,0.7341533646442937,1.0,Empagliflozin,medication
E559,dx,3,47,0.05217391304347826,0.06269113149847094,0.8230029089281719,0.8334007367222052,0.6647506773049495,1.0,"Vitamin D Deficiency, Unspecified",diagnosis
96375,px,12,48,0.05217391304347826,0.06422018348623854,0.8020969855832241,0.8341323732408904,0.6184367351049529,1.0,Tx/Pro/Dx Inj New Drug Addon,procedure
77067,px,6,49,0.06956521739130435,0.06269113149847094,1.1178481878276727,0.8354743443311741,0.7879490387914013,1.0,Scr Mammo Bi Incl Cad,imaging
E780,dx,12,49,0.06956521739130435,0.06269113149847094,1.1178481878276727,0.8354743443311741,0.7583740681816934,1.0,Pure Hypercholesterolemia,diagnosis
D649,dx,6,51,0.06956521739130435,0.06574923547400612,1.0623777439687025,0.8398289863015993,0.8899736270866908,1.0,"Anemia, Unspecified",diagnosis
A7038,px,12,52,0.06956521739130435,0.0672782874617737,1.0365335598980459,0.8427538051837432,0.935354549776949,1.0,Pos Airway Pressure Filter,supply/service
99214,px,3,54,0.06086956521739131,0.07186544342507645,0.8370764381402679,0.843320987487526,0.668383243452726,1.0,Office O/P Est Mod 30-39 Min,office visit
1160F,px,12,55,0.06086956521739131,0.07339449541284404,0.8182870370370371,0.8440902788746576,0.6237907257406492,1.0,Rvw Meds By Rx/Dr In Rcrd,procedure
93010,px,6,55,0.06086956521739131,0.07339449541284404,0.8182870370370371,0.8440902788746576,0.6288175154661059,1.0,Electrocardiogram Report,procedure
Z7901,dx,6,55,0.06086956521739131,0.07339449541284404,0.8182870370370371,0.8440902788746576,0.6263021481894135,1.0,Long Term (Current) Use Of Anticoagulants,diagnosis
I4891,dx,3,57,0.0782608695652174,0.07339449541284404,1.071933962264151,0.8471123752270089,0.84296190980789,1.0,Unspecified Atrial Fibrillation,diagnosis
3074F,px,6,59,0.06956521739130435,0.0779816513761468,0.8840021990104453,0.8513279317981413,0.75501315779713,1.0,Syst Bp Lt 130 Mm Hg,procedure
G0439,px,12,64,0.08695652173913043,0.08256880733944955,1.0582010582010581,0.8551790638028929,0.8831454434659982,1.0,"Ppps, Subseq Visit",supply/service
I428,dx,12,65,0.08695652173913043,0.08409785932721713,1.0372294372294373,0.8571782383273965,0.926989782511769,1.0,Other Cardiomyopathies,diagnosis
99232,px,6,65,0.08695652173913043,0.08409785932721713,1.0372294372294373,0.8571782383273965,0.9194780212766103,1.0,Sbsq Hosp Ip/Obs Moderate 35,office visit
F411,dx,12,67,0.0782608695652174,0.08868501529051988,0.8724788549121666,0.8580885840438304,0.7617491404840073,1.0,Generalized Anxiety Disorder,diagnosis
R9431,dx,3,67,0.0782608695652174,0.08868501529051988,0.8724788549121666,0.8580885840438304,0.7090152936255081,1.0,Abnormal Electrocardiogram [Ecg] [Ekg],diagnosis
85027,px,6,73,0.08695652173913043,0.0963302752293578,0.8934240362811792,0.8638896771062139,0.7636148013396238,1.0,Complete Cbc Automated,lab test
82306,px,6,74,0.08695652173913043,0.09785932721712538,0.8779761904761905,0.8640138426990742,0.7298968439403344,1.0,Vitamin D 25 Hydroxy,lab test
F419,dx,12,77,0.10434782608695652,0.09938837920489296,1.055713218820015,0.8664326547968897,0.7969670766872039,1.0,"Anxiety Disorder, Unspecified",diagnosis
J2704,px,12,78,0.10434782608695652,0.10091743119266056,1.0379523389232128,0.8678730756536224,0.8594524743977756,1.0,"Inj, Propofol, 10 Mg",supply/service
I429,dx,6,79,0.09565217391304348,0.10397553516819572,0.9114819004524887,0.8690840797841494,0.8095073883538131,1.0,"Cardiomyopathy, Unspecified",diagnosis
77067,px,12,81,0.09565217391304348,0.10703363914373089,0.8824175824175824,0.8691791791586329,0.6969832407629729,1.0,Scr Mammo Bi Incl Cad,imaging
J2250,px,12,87,0.10434782608695652,0.11467889908256881,0.8994174757281553,0.8734579532433615,0.7288324562763654,1.0,Inj Midazolam Hydrochloride,supply/service
99233,px,12,89,0.12173913043478261,0.11467889908256881,1.0700990099009902,0.8742790226556381,0.8245416347432681,1.0,Sbsq Hosp Ip/Obs High 50,office visit
A0425,px,12,90,0.12173913043478261,0.1162079510703364,1.0541948931735279,0.8750953926383938,0.8390964698647263,1.0,Ground Mileage,supply/service
82570,px,12,94,0.11304347826086956,0.12385321100917432,0.90159767610748,0.877450866761798,0.741140199195883,1.0,Assay Of Urine Creatinine,lab test
85610,px,12,102,0.1391304347826087,0.13149847094801223,1.0674183697439512,0.881400442888068,0.7926205815301711,1.0,Prothrombin Time,lab test
99232,px,12,111,0.14782608695652175,0.1437308868501529,1.033434650455927,0.8860982968683273,0.8950358436056746,1.0,Sbsq Hosp Ip/Obs Moderate 35,office visit
I2510,dx,6,113,0.1391304347826087,0.14831804281345565,0.9280433197958972,0.8869261266953242,0.798309304281293,1.0,Athscl Heart Disease Of Native Coronary Artery W/O Ang Pctrs,diagnosis
R079,dx,6,118,0.1565217391304348,0.1529051987767584,1.028041237113402,0.8890774846133616,0.9578710469877936,1.0,"Chest Pain, Unspecified",diagnosis
85027,px,12,126,0.1565217391304348,0.1651376146788991,0.9381443298969072,0.8919169801160323,0.8132639615182112,1.0,Complete Cbc Automated,lab test
3078F,px,12,129,0.17391304347826086,0.16666666666666666,1.0526315789473684,0.8923310758115853,0.8849683110266028,1.0,Diast Bp <80 Mm Hg,procedure
R079,dx,12,199,0.25217391304347825,0.2599388379204893,0.9600547195622435,0.9085164823647014,0.9712186935581753,1.0,"Chest Pain, Unspecified",diagnosis
I10,dx,12,463,0.6086956521739131,0.6009174311926605,1.0330788804071247,0.9179375550005966,0.5376236396048918,1.0,Essential (Primary) Hypertension,diagnosis
Semaglutide,rx,12,10,0.008695652173913044,0.013761467889908258,0.6286549707602339,1.0,0.6585471724126499,1.0,Semaglutide,medication
F411,dx,6,25,0.02608695652173913,0.03363914373088685,0.7694805194805194,1.0,0.6847265196222032,1.0,Generalized Anxiety Disorder,diagnosis
93971,px,12,13,0.017391304347826087,0.016819571865443424,1.0345937248592116,1.0,0.9658518684218182,1.0,Extremity Study,procedure
H04123,dx,12,11,0.008695652173913044,0.01529051987767584,0.5649122807017544,1.0,0.5838335337867939,1.0,Dry Eye Syndrome Of Bilateral Lacrimal Glands,diagnosis
K5730,dx,6,25,0.02608695652173913,0.03363914373088685,0.7694805194805194,1.0,0.6727840515458224,1.0,Dvrtclos Of Lg Int W/O Perforation Or Abscess W/O Bleeding,diagnosis
90837,px,12,14,0.017391304347826087,0.01834862385321101,0.9469026548672567,1.0,0.944364583245588,1.0,Psychotherapy 60 Minutes,procedure
G0008,px,6,28,0.034782608695652174,0.03669724770642202,0.9459459459459459,1.0,0.92008969122569,1.0,Admin Influenza Virus Vac,supply/service
93017,px,6,28,0.034782608695652174,0.03669724770642202,0.9459459459459459,1.0,0.92008969122569,1.0,Cardiovascular Stress Test,procedure
Acetaminophen/Hydrocodone Bitartrate,rx,6,24,0.02608695652173913,0.03211009174311927,0.8073979591836735,1.0,0.7326639956152802,1.0,Acetaminophen/Hydrocodone Bitartrate,medication
M810,dx,3,14,0.017391304347826087,0.01834862385321101,0.9469026548672567,1.0,0.944364583245588,1.0,Age-Related Osteoporosis W/O Current Pathological Fracture,diagnosis
Fluticasone Propionate,rx,6,17,0.017391304347826087,0.022935779816513763,0.7539823008849558,1.0,0.7100459836665982,1.0,Fluticasone Propionate,medication
N390,dx,12,16,0.017391304347826087,0.021406727828746176,0.809102402022756,1.0,0.7816958230668649,1.0,"Urinary Tract Infection, Site Not Specified",diagnosis
Z5181,dx,12,19,0.02608695652173913,0.024464831804281346,1.0680803571428572,1.0,0.9184165739461989,1.0,Encounter For Therapeutic Drug Level Monitoring,diagnosis
1126F,px,6,14,0.017391304347826087,0.01834862385321101,0.9469026548672567,1.0,0.9428006784184538,1.0,Amnt Pain Noted None Prsnt,procedure
82728,px,6,46,0.06086956521739131,0.05963302752293578,1.022079772079772,1.0,0.9593430712629057,1.0,Assay Of Ferritin,lab test
I5022,dx,6,29,0.034782608695652174,0.0382262996941896,0.9066666666666666,1.0,0.8587462585849351,1.0,Chronic Systolic (Congestive) Heart Failure,diagnosis
M1990,dx,3,14,0.017391304347826087,0.01834862385321101,0.9469026548672567,1.0,0.944364583245588,1.0,"Unspecified Osteoarthritis, Unspecified Site",diagnosis
99309,px,12,15,0.017391304347826087,0.019877675840978593,0.8727025187202179,1.0,0.8597159423873685,1.0,Sbsq Nf Care Moderate Mdm 30,office visit
Metformin Hydrochloride,rx,6,28,0.034782608695652174,0.03669724770642202,0.9459459459459459,1.0,0.9312391217059315,1.0,Metformin Hydrochloride,medication
90791,px,12,18,0.017391304347826087,0.024464831804281346,0.7057522123893806,1.0,0.6444327486076591,1.0,Psychiatric Diagnostic Eval,procedure
E1169,dx,12,13,0.017391304347826087,0.016819571865443424,1.0345937248592116,1.0,0.9658518684218182,1.0,Type 2 Diabetes Mellitus With Other Specified Complication,diagnosis
A7038,px,6,32,0.034782608695652174,0.04281345565749235,0.8056628056628057,1.0,0.6915286077527023,1.0,Pos Airway Pressure Filter,supply/service
I4720,dx,12,15,0.017391304347826087,0.019877675840978593,0.8727025187202179,1.0,0.8597159423873685,1.0,"Ventricular Tachycardia, Unspecified",diagnosis
R300,dx,12,13,0.017391304347826087,0.016819571865443424,1.0345937248592116,1.0,0.9674773819769904,1.0,Dysuria,diagnosis
M545,dx,6,27,0.034782608695652174,0.035168195718654434,0.9886408147277712,1.0,0.9794961834177899,1.0,Low Back Pain,diagnosis
99222,px,6,36,0.043478260869565216,0.047400611620795105,0.9134897360703812,1.0,0.852450021006352,1.0,1St Hosp Ip/Obs Moderate 55,office visit
70450,px,6,31,0.034782608695652174,0.04128440366972477,0.8368368368368369,1.0,0.7444039032879286,1.0,Ct Head/Brain W/O Dye,imaging
82746,px,6,29,0.034782608695652174,0.0382262996941896,0.9066666666666666,1.0,0.8587462585849351,1.0,Assay Of Folic Acid Serum,lab test
Ibuprofen,rx,6,26,0.034782608695652174,0.03363914373088685,1.0352170352170351,1.0,0.9553576038760294,1.0,Ibuprofen,medication
E780,dx,6,33,0.043478260869565216,0.04281345565749235,1.0162337662337662,1.0,0.9772401974366954,1.0,Pure Hypercholesterolemia,diagnosis
Rosuvastatin Calcium,rx,6,30,0.034782608695652174,0.039755351681957186,0.8704088704088704,1.0,0.8001564151047986,1.0,Rosuvastatin Calcium,medication
I4819,dx,12,12,0.008695652173913044,0.016819571865443424,0.5127591706539075,1.0,0.5177960220324745,1.0,Other Persistent Atrial Fibrillation,diagnosis
1160F,px,6,27,0.034782608695652174,0.035168195718654434,0.9886408147277712,1.0,0.9840511949320544,1.0,Rvw Meds By Rx/Dr In Rcrd,procedure
M1990,dx,6,25,0.02608695652173913,0.03363914373088685,0.7694805194805194,1.0,0.6727840515458224,1.0,"Unspecified Osteoarthritis, Unspecified Site",diagnosis
93308,px,6,37,0.043478260869565216,0.04892966360856269,0.8835227272727273,1.0,0.8017086290022941,1.0,Tte F-Up Or Lmtd,procedure
99233,px,6,50,0.06086956521739131,0.06574923547400612,0.9209732988802756,1.0,0.8574790821993109,1.0,Sbsq Hosp Ip/Obs High 50,office visit
93017,px,12,52,0.06086956521739131,0.06880733944954129,0.8771604938271605,1.0,0.7551097264502542,1.0,Cardiovascular Stress Test,procedure
M47816,dx,12,11,0.008695652173913044,0.01529051987767584,0.5649122807017544,1.0,0.5838335337867939,1.0,"Spondylosis W/O Myelopathy Or Radiculopathy, Lumbar Region",diagnosis
82550,px,3,10,0.008695652173913044,0.013761467889908258,0.6286549707602339,1.0,0.659384292802884,1.0,Assay Of Ck (Cpk),lab test
Trazodone Hydrochloride,rx,3,10,0.008695652173913044,0.013761467889908258,0.6286549707602339,1.0,0.6585471724126499,1.0,Trazodone Hydrochloride,medication
M79675,dx,12,10,0.008695652173913044,0.013761467889908258,0.6286549707602339,1.0,0.659384292802884,1.0,Pain In Left Toe(S),diagnosis
97112,px,3,11,0.008695652173913044,0.01529051987767584,0.5649122807017544,1.0,0.5838335337867939,1.0,Neuromuscular Reeducation,procedure
J22,dx,3,10,0.008695652173913044,0.013761467889908258,0.6286549707602339,1.0,0.6585471724126499,1.0,Unspecified Acute Lower Respiratory Infection,diagnosis
96361,px,3,16,0.017391304347826087,0.021406727828746176,0.809102402022756,1.0,0.7816958230668649,1.0,Hydrate Iv Infusion Add-On,procedure
97162,px,3,12,0.008695652173913044,0.016819571865443424,0.5127591706539075,1.0,0.5177960220324745,1.0,Pt Eval Mod Complex 30 Min,procedure
Pantoprazole Sodium,rx,3,12,0.008695652173913044,0.016819571865443424,0.5127591706539075,1.0,0.5177960220324745,1.0,Pantoprazole Sodium,medication
R030,dx,12,11,0.008695652173913044,0.01529051987767584,0.5649122807017544,1.0,0.5838335337867939,1.0,"Elevated Blood-Pressure Reading, W/O Diagnosis Of Htn",diagnosis
84550,px,3,10,0.008695652173913044,0.013761467889908258,0.6286549707602339,1.0,0.659384292802884,1.0,Assay Of Blood/Uric Acid,lab test
I4892,dx,3,16,0.017391304347826087,0.021406727828746176,0.809102402022756,1.0,0.7816958230668649,1.0,Unspecified Atrial Flutter,diagnosis
86140,px,3,14,0.017391304347826087,0.01834862385321101,0.9469026548672567,1.0,0.944364583245588,1.0,C-Reactive Protein,lab test
82746,px,3,18,0.017391304347826087,0.024464831804281346,0.7057522123893806,1.0,0.6444327486076591,1.0,Assay Of Folic Acid Serum,lab test
D62,dx,12,11,0.008695652173913044,0.01529051987767584,0.5649122807017544,1.0,0.5838335337867939,1.0,Acute Posthemorrhagic Anemia,diagnosis
70450,px,3,19,0.02608695652173913,0.024464831804281346,1.0680803571428572,1.0,0.9184165739461989,1.0,Ct Head/Brain W/O Dye,imaging
Z01818,dx,3,11,0.008695652173913044,0.01529051987767584,0.5649122807017544,1.0,0.5838335337867939,1.0,Encounter For Other Preprocedural Examination,diagnosis
99395,px,12,10,0.008695652173913044,0.013761467889908258,0.6286549707602339,1.0,0.659384292802884,1.0,Prev Visit Est Age 18-39,office visit
Z743,dx,12,15,0.017391304347826087,0.019877675840978593,0.8727025187202179,1.0,0.8597159423873685,1.0,Need For Continuous Supervision,diagnosis
86901,px,3,15,0.017391304347826087,0.019877675840978593,0.8727025187202179,1.0,0.8597159423873685,1.0,Blood Typing Serologic Rh(D),lab test
R197,dx,12,10,0.008695652173913044,0.013761467889908258,0.6286549707602339,1.0,0.659384292802884,1.0,"Diarrhea, Unspecified",diagnosis
Z1331,dx,12,12,0.008695652173913044,0.016819571865443424,0.5127591706539075,1.0,0.5177960220324745,1.0,Encounter For Screening For Depression,diagnosis
Omeprazole,rx,6,17,0.017391304347826087,0.022935779816513763,0.7539823008849558,1.0,0.7100459836665982,1.0,Omeprazole,medication
80061,px,6,71,0.08695652173913043,0.09327217125382263,0.9258391881342701,1.0,0.8442086485751013,1.0,Lipid Panel,lab test
3078F,px,6,72,0.08695652173913043,0.09480122324159021,0.9093701996927803,1.0,0.8051428205109803,1.0,Diast Bp <80 Mm Hg,procedure
99213,px,6,90,0.11304347826086956,0.11773700305810397,0.9550547491723962,1.0,0.897900657943796,1.0,Office O/P Est Low 20-29 Min,office visit
R002,dx,6,83,0.10434782608695652,0.10856269113149847,0.9566525365786954,1.0,0.8972725896849199,1.0,Palpitations,diagnosis
R000,dx,12,11,0.008695652173913044,0.01529051987767584,0.5649122807017544,1.0,0.5838335337867939,1.0,"Tachycardia, Unspecified",diagnosis
J189,dx,12,15,0.017391304347826087,0.019877675840978593,0.8727025187202179,1.0,0.8597159423873685,1.0,"Pneumonia, Unspecified Organism",diagnosis
84460,px,12,10,0.008695652173913044,0.013761467889908258,0.6286549707602339,1.0,0.659384292802884,1.0,Alanine Amino (Alt) (Sgpt),lab test
Z79899,dx,6,113,0.14782608695652175,0.14678899082568808,1.0082908163265305,1.0,0.940569491815719,1.0,Other Long Term (Current) Drug Therapy,diagnosis
N200,dx,12,13,0.017391304347826087,0.016819571865443424,1.0345937248592116,1.0,0.9658518684218182,1.0,Calculus Of Kidney,diagnosis
I5021,dx,12,11,0.008695652173913044,0.01529051987767584,0.5649122807017544,1.0,0.5838335337867939,1.0,Acute Systolic (Congestive) Heart Failure,diagnosis
N401,dx,12,13,0.017391304347826087,0.016819571865443424,1.0345937248592116,1.0,0.9658518684218182,1.0,Benign Prostatic Hyperplasia With Lower Urinary Tract Symp,diagnosis
Verapamil Hydrochloride,rx,6,252,0.33043478260869563,0.327217125382263,1.014686248331108,1.0,0.7585323808490716,1.0,Verapamil Hydrochloride,medication
Gabapentin,rx,3,12,0.008695652173913044,0.016819571865443424,0.5127591706539075,1.0,0.5177960220324745,1.0,Gabapentin,medication
L570,dx,12,15,0.017391304347826087,0.019877675840978593,0.8727025187202179,1.0,0.8597159423873685,1.0,Actinic Keratosis,diagnosis
I420,dx,6,24,0.02608695652173913,0.03211009174311927,0.8073979591836735,1.0,0.7326639956152802,1.0,Dilated Cardiomyopathy,diagnosis
99213,px,3,41,0.05217391304347826,0.053516819571865444,0.9735255570117956,1.0,0.9668770844913503,1.0,Office O/P Est Low 20-29 Min,office visit
G0299,px,12,31,0.034782608695652174,0.04128440366972477,0.8368368368368369,1.0,0.7444039032879286,1.0,Hhs/Hospice Of Rn Ea 15 Min,supply/service
Amoxicillin,rx,12,26,0.034782608695652174,0.03363914373088685,1.0352170352170351,1.0,0.9507229890446454,1.0,Amoxicillin,medication
74176,px,12,28,0.034782608695652174,0.03669724770642202,0.9459459459459459,1.0,0.92008969122569,1.0,Ct Abd & Pelvis W/O Contrast,imaging
83036,px,12,100,0.13043478260869565,0.12996941896024464,1.0041176470588236,1.0,0.9738427704623824,1.0,Hemoglobin Glycosylated A1C,lab test
Z7901,dx,12,103,0.13043478260869565,0.1345565749235474,0.9647727272727272,1.0,0.8777236122763825,1.0,Long Term (Current) Use Of Anticoagulants,diagnosis
82043,px,3,20,0.02608695652173913,0.02599388379204893,1.0036764705882353,1.0,0.9960474584448483,1.0,Ur Albumin Quantitative,lab test
84439,px,3,22,0.02608695652173913,0.0290519877675841,0.8952067669172933,1.0,0.861084034549552,1.0,Assay Of Free Thyroxine,lab test
99231,px,12,26,0.034782608695652174,0.03363914373088685,1.0352170352170351,1.0,0.9379933571623347,1.0,Sbsq Hosp Ip/Obs Sf/Low 25,office visit
93325,px,3,25,0.02608695652173913,0.03363914373088685,0.7694805194805194,1.0,0.6711685532944581,1.0,Doppler Color Flow Add-On,procedure
J3010,px,3,28,0.034782608695652174,0.03669724770642202,0.9459459459459459,1.0,0.9178641819583686,1.0,Fentanyl Citrate Injection,supply/service
77067,px,3,24,0.02608695652173913,0.03211009174311927,0.8073979591836735,1.0,0.7326639956152802,1.0,Scr Mammo Bi Incl Cad,imaging
84156,px,12,29,0.034782608695652174,0.0382262996941896,0.9066666666666666,1.0,0.8565833267690592,1.0,Assay Of Protein Urine,lab test
G8929,dx,12,33,0.043478260869565216,0.04281345565749235,1.0162337662337662,1.0,0.9772401974366954,1.0,Other Chronic Pain,diagnosis
99233,px,3,29,0.034782608695652174,0.0382262996941896,0.9066666666666666,1.0,0.8587462585849351,1.0,Sbsq Hosp Ip/Obs High 50,office visit
3008F,px,3,23,0.02608695652173913,0.03058103975535168,0.8491071428571428,1.0,0.7948794570716893,1.0,Body Mass Index Docd,procedure
Metoprolol Tartrate,rx,12,31,0.034782608695652174,0.04128440366972477,0.8368368368368369,1.0,0.7444039032879286,1.0,Metoprolol Tartrate,medication
Z1231,dx,12,141,0.1826086956521739,0.1834862385321101,0.9941489361702127,1.0,0.931150713338941,1.0,Encntr Screen Mammogram For Malignant Neoplasm Of Breast,diagnosis
Z23,dx,12,207,0.26956521739130435,0.2691131498470948,1.0022997835497836,1.0,0.9264139524918389,1.0,Encounter For Immunization,diagnosis
3078F,px,3,39,0.05217391304347826,0.05045871559633028,1.035863219349458,1.0,0.9388953972243145,1.0,Diast Bp <80 Mm Hg,procedure
E785,dx,12,384,0.4956521739130435,0.5,0.9827586206896551,1.0,0.9736588765120099,1.0,"Hyperlipidemia, Unspecified",diagnosis
99232,px,3,39,0.05217391304347826,0.05045871559633028,1.035863219349458,1.0,0.9388953972243145,1.0,Sbsq Hosp Ip/Obs Moderate 35,office visit
Montelukast Sodium,rx,12,35,0.043478260869565216,0.045871559633027525,0.9454545454545454,1.0,0.9076509504073453,1.0,Montelukast Sodium,medication
K5801,dx,12,31,0.034782608695652174,0.04128440366972477,0.8368368368368369,1.0,0.7423894867769796,1.0,Irritable Bowel Syndrome With Constipation,diagnosis
84550,px,12,48,0.06086956521739131,0.06269113149847094,0.9690605239385727,1.0,0.9411103928268941,1.0,Assay Of Blood/Uric Acid,lab test
80061,px,3,40,0.05217391304347826,0.05198776758409786,1.0037776578521316,1.0,0.977812116141204,1.0,Lipid Panel,lab test
Escitalopram Oxalate,rx,12,40,0.05217391304347826,0.05198776758409786,1.0037776578521316,1.0,0.9995278721107129,1.0,Escitalopram Oxalate,medication
K5730,dx,12,44,0.05217391304347826,0.0581039755351682,0.8923225494929986,1.0,0.7855570644369039,1.0,Dvrtclos Of Lg Int W/O Perforation Or Abscess W/O Bleeding,diagnosis
86140,px,12,51,0.06086956521739131,0.0672782874617737,0.8985690235690236,1.0,0.7938042064759152,1.0,C-Reactive Protein,lab test
92250,px,12,32,0.034782608695652174,0.04281345565749235,0.8056628056628057,1.0,0.6895965724733173,1.0,Eye Exam With Photos,procedure
82306,px,3,41,0.05217391304347826,0.053516819571865444,0.9735255570117956,1.0,0.953357944057828,1.0,Vitamin D 25 Hydroxy,lab test
I351,dx,12,71,0.08695652173913043,0.09327217125382263,0.9258391881342701,1.0,0.8261154748400898,1.0,Nonrheumatic Aortic (Valve) Insufficiency,diagnosis
84100,px,12,46,0.06086956521739131,0.05963302752293578,1.022079772079772,1.0,0.9593430712629057,1.0,Assay Of Phosphorus,lab test
Trazodone Hydrochloride,rx,12,37,0.043478260869565216,0.04892966360856269,0.8835227272727273,1.0,0.7922530314506934,1.0,Trazodone Hydrochloride,medication
97140,px,12,57,0.06956521739130435,0.07492354740061162,0.9231356093839405,1.0,0.8339396523158399,1.0,Manual Therapy 1/> Regions,procedure
J069,dx,12,48,0.06086956521739131,0.06269113149847094,0.9690605239385727,1.0,0.9320459469281474,1.0,"Acute Upper Respiratory Infection, Unspecified",diagnosis
M169,dx,12,50,0.06086956521739131,0.06574923547400612,0.9209732988802756,1.0,0.8337061465381332,1.0,"Osteoarthritis Of Hip, Unspecified",diagnosis
I5020,dx,12,37,0.043478260869565216,0.04892966360856269,0.8835227272727273,1.0,0.8017086290022941,1.0,Unspecified Systolic (Congestive) Heart Failure,diagnosis
C1769,px,12,33,0.043478260869565216,0.04281345565749235,1.0162337662337662,1.0,0.9772401974366954,1.0,Guide Wire,supply/service
Furosemide,rx,12,38,0.043478260869565216,0.05045871559633028,0.8553719008264463,1.0,0.7507089589177611,1.0,Furosemide,medication
I429,dx,3,39,0.05217391304347826,0.05045871559633028,1.035863219349458,1.0,0.9388953972243145,1.0,"Cardiomyopathy, Unspecified",diagnosis
70450,px,12,49,0.06086956521739131,0.06422018348623854,0.9444444444444444,1.0,0.8896107339281327,1.0,Ct Head/Brain W/O Dye,imaging
K5801,dx,6,13,0.017391304347826087,0.016819571865443424,1.0345937248592116,1.0,0.9674773819769904,1.0,Irritable Bowel Syndrome With Constipation,diagnosis
I493,dx,3,22,0.02608695652173913,0.0290519877675841,0.8952067669172933,1.0,0.861084034549552,1.0,Ventricular Premature Depolarization,diagnosis
R519,dx,6,13,0.017391304347826087,0.016819571865443424,1.0345937248592116,1.0,0.9658518684218182,1.0,"Headache, Unspecified",diagnosis
Sitagliptin Phosphate,rx,6,14,0.017391304347826087,0.01834862385321101,0.9469026548672567,1.0,0.944364583245588,1.0,Sitagliptin Phosphate,medication
G0299,px,6,21,0.02608695652173913,0.027522935779816515,0.9464285714285714,1.0,0.9312507835167105,1.0,Hhs/Hospice Of Rn Ea 15 Min,supply/service
87077,px,6,16,0.017391304347826087,0.021406727828746176,0.809102402022756,1.0,0.7816958230668649,1.0,Culture Aerobic Identify,lab test
80069,px,6,14,0.017391304347826087,0.01834862385321101,0.9469026548672567,1.0,0.944364583245588,1.0,Renal Function Panel,lab test
R109,dx,12,15,0.017391304347826087,0.019877675840978593,0.8727025187202179,1.0,0.8582250969040501,1.0,Unspecified Abdominal Pain,diagnosis
Naproxen Sodium,rx,6,16,0.017391304347826087,0.021406727828746176,0.809102402022756,1.0,0.7816958230668649,1.0,Naproxen Sodium,medication
Aspirin,rx,12,22,0.02608695652173913,0.0290519877675841,0.8952067669172933,1.0,0.8728696708200614,1.0,Aspirin,medication
I361,dx,3,14,0.017391304347826087,0.01834862385321101,0.9469026548672567,1.0,0.9428006784184538,1.0,Nonrheumatic Tricuspid (Valve) Insufficiency,diagnosis
Z4502,dx,12,22,0.02608695652173913,0.0290519877675841,0.8952067669172933,1.0,0.8710093464709328,1.0,Encntr For Adjust And Mgmt Of Automatic Implntbl Card Defib,diagnosis
K5900,dx,12,38,0.043478260869565216,0.05045871559633028,0.8553719008264463,1.0,0.7613326368552742,1.0,"Constipation, Unspecified",diagnosis
R7303,dx,12,12,0.008695652173913044,0.016819571865443424,0.5127591706539075,1.0,0.5177960220324745,1.0,Prediabetes,diagnosis
Celecoxib,rx,6,18,0.017391304347826087,0.024464831804281346,0.7057522123893806,1.0,0.6444327486076591,1.0,Celecoxib,medication
82962,px,6,20,0.02608695652173913,0.02599388379204893,1.0036764705882353,1.0,0.9960474584448483,1.0,Glucose Blood Test,lab test
Meloxicam,rx,6,21,0.02608695652173913,0.027522935779816515,0.9464285714285714,1.0,0.9312507835167105,1.0,Meloxicam,medication
R519,dx,12,17,0.017391304347826087,0.022935779816513763,0.7539823008849558,1.0,0.7100459836665982,1.0,"Headache, Unspecified",diagnosis
Z09,dx,12,16,0.017391304347826087,0.021406727828746176,0.809102402022756,1.0,0.7802851808852431,1.0,Encntr For F/U Exam Aft Trtmt For Cond Oth Than Malig Neoplm,diagnosis
I4729,dx,12,16,0.017391304347826087,0.021406727828746176,0.809102402022756,1.0,0.7802851808852431,1.0,Other Ventricular Tachycardia,diagnosis
R0600,dx,12,14,0.017391304347826087,0.01834862385321101,0.9469026548672567,1.0,0.944364583245588,1.0,"Dyspnea, Unspecified",diagnosis
Furosemide,rx,6,22,0.02608695652173913,0.0290519877675841,0.8952067669172933,1.0,0.861084034549552,1.0,Furosemide,medication
Z743,dx,6,11,0.008695652173913044,0.01529051987767584,0.5649122807017544,1.0,0.5838335337867939,1.0,Need For Continuous Supervision,diagnosis
F411,dx,3,12,0.008695652173913044,0.016819571865443424,0.5127591706539075,1.0,0.517113913733148,1.0,Generalized Anxiety Disorder,diagnosis
L821,dx,12,21,0.02608695652173913,0.027522935779816515,0.9464285714285714,1.0,0.9312507835167105,1.0,Other Seborrheic Keratosis,diagnosis
77063,px,3,10,0.008695652173913044,0.013761467889908258,0.6286549707602339,1.0,0.659384292802884,1.0,Breast Tomosynthesis Bi,imaging
R109,dx,6,10,0.008695652173913044,0.013761467889908258,0.6286549707602339,1.0,0.659384292802884,1.0,Unspecified Abdominal Pain,diagnosis
85379,px,12,20,0.02608695652173913,0.02599388379204893,1.0036764705882353,1.0,0.9960474584448483,1.0,Fibrin Degradation Quant,lab test
Amoxicillin/Clavulanate Potassium,rx,12,20,0.02608695652173913,0.02599388379204893,1.0036764705882353,1.0,0.9960474584448483,1.0,Amoxicillin/Clavulanate Potassium,medication
Z4502,dx,6,12,0.008695652173913044,0.016819571865443424,0.5127591706539075,1.0,0.517113913733148,1.0,Encntr For Adjust And Mgmt Of Automatic Implntbl Card Defib,diagnosis
E660,dx,6,18,0.017391304347826087,0.024464831804281346,0.7057522123893806,1.0,0.6444327486076591,1.0,Obesity Due To Excess Calories,diagnosis
R0609,dx,6,13,0.017391304347826087,0.016819571865443424,1.0345937248592116,1.0,0.9658518684218182,1.0,Other Forms Of Dyspnea,diagnosis
R55,dx,6,11,0.008695652173913044,0.01529051987767584,0.5649122807017544,1.0,0.5838335337867939,1.0,Syncope And Collapse,diagnosis
11721,px,6,10,0.008695652173913044,0.013761467889908258,0.6286549707602339,1.0,0.659384292802884,1.0,Debride Nail 6 Or More,procedure
G0151,px,12,20,0.02608695652173913,0.02599388379204893,1.0036764705882353,1.0,0.9960474584448483,1.0,"Hhcp-Serv Of Pt,Ea 15 Min",supply/service
92014,px,3,27,0.034782608695652174,0.035168195718654434,0.9886408147277712,1.0,0.9840511949320544,1.0,Eye Exam&Tx Estab Pt 1/>Vst,procedure
G0151,px,6,16,0.017391304347826087,0.021406727828746176,0.809102402022756,1.0,0.7816958230668649,1.0,"Hhcp-Serv Of Pt,Ea 15 Min",supply/service
Gabapentin,rx,6,18,0.017391304347826087,0.024464831804281346,0.7057522123893806,1.0,0.6444327486076591,1.0,Gabapentin,medication
Influenza Virus Vaccine (Subvirion),rx,12,23,0.02608695652173913,0.03058103975535168,0.8491071428571428,1.0,0.7948794570716893,1.0,Influenza Virus Vaccine (Subvirion),medication
R059,dx,6,12,0.008695652173913044,0.016819571865443424,0.5127591706539075,1.0,0.5177960220324745,1.0,"Cough, Unspecified",diagnosis
R55,dx,12,19,0.02608695652173913,0.024464831804281346,1.0680803571428572,1.0,0.9204337370099429,1.0,Syncope And Collapse,diagnosis
Metoprolol Tartrate,rx,6,15,0.017391304347826087,0.019877675840978593,0.8727025187202179,1.0,0.8597159423873685,1.0,Metoprolol Tartrate,medication
81002,px,6,17,0.017391304347826087,0.022935779816513763,0.7539823008849558,1.0,0.7100459836665982,1.0,Urinalysis Nonauto W/O Scope,lab test
J2250,px,3,16,0.017391304347826087,0.021406727828746176,0.809102402022756,1.0,0.7816958230668649,1.0,Inj Midazolam Hydrochloride,supply/service
86900,px,3,18,0.017391304347826087,0.024464831804281346,0.7057522123893806,1.0,0.6444327486076591,1.0,Blood Typing Serologic Abo,lab test
